structure,method,folder,0,1,2,3,4,5,6,7,8,9,10,11,12,13,14,15,16,17,18,19,20,21,22,23,24,25,26,27,28,29,30,31,32,33,34,35,36,37,38,39,40,41,42,43,44,45,46,47,48,49,50,51,52,53,54,55,56,57,58,59,60,61,62,63,64,65,66,67,68,69,70,71,72,73,74,75,76,77,78,79,80,81,82,83,84,85,86,87,88,89,90,91,92,93,94,95,96,97,98,99,100,101,102,103,104,105,106,107,108,109,110,111,112,113,114,115,116,117,118,119,120,121,122,123,124,125,126,127,128,129,130,131,132,133,134,135,136,137,138,139,140,141,142,143,144,145,146,147,148,149,150,151,152,153,154,155,156,157,158,159,160,161,162,163,164,165,166,167,168,169,170,171,172,173,174,175,176,177,178,179,180,181,182,183,184,185,186,187,188,189,190,191,192,193,194,195,196,197,198,199,200,201,202,203,204,205,206,207,208,209,210,211,212,213,214,215,216,217,218,219,220,221,222,223,224,225,226,227,228,229,230,231,232,233,234,235,236,237,238,239,240,241,242,243,244,245,246,247,248,249,250,251,252,253,254,255,256,257,258,259,260,261,262,263,264,265,266,267,268,269,270,271,272,273,274,275,276,277,278,279,280,281,282,283,284,285,286,287,288,289,290,291,292,293,294,295,296,297,298,299,300,301,302,303,304,305,306,307,308,309,310,311,312,313,314,315,316,317,318,319,320,321,322,323,324,325,326,327,328,329,330,331,332,333,334,335,336,337,338,339,340,341,342,343,344,345,346,347,348,349,350,351,352,353,354,355,356,357,358,359,360,361,362,363,364,365,366,367,368,369,370,371,372,373,374,375,376,377,378,379,380,381,382,383,384,385,386,387,388,389,390,391,392,393,394,395,396,397,398,399,400,401,402,403,404,405,406,407,408,409,410,411,412,413,414,415,416,417,418,419,420,421,422,423,424,425,426,427,428,429,430,431,432,433,434,435,436,437,438,439,440,441,442,443,444,445,446,447,448,449,450,451,452,453,454,455,456,457,458,459,460,461,462,463,464,465,466,467,468,469,470,471,472,473,474,475,476,477,478,479,480,481,482,483,484,485,486,487,488,489,490,491,492,493,494,495,496,497,498,499,500,501,502,503,504,505,506,507,508,509,510,511,512,513,514,515,516,517,518,519,520,521,522,523,524,525,526,527,528,529,530,531,532,533,534,535,536,537,538,539,540,541,542,543,544,545,546,547,548,549,550,551,552,553,554,555,556,557,558,559,560,561,562,563,564,565,566,567,568,569,570,571,572,573,574,575,576,577,578,579,580,581,582,583,584,585,586,587,588,589,590,591,592,593,594,595,596,597,598,599,600,601,602,603,604,605,606,607,608,609,610,611,612,613,614,615,616,617,618,619,620,621,622,623,624
structure57,bfgs,random,-208.07750629,-244.39449059,-245.63869373,-246.48975918,-247.03209814,-247.86499677,-282.58157326,-306.86387810,-303.55804348,-311.57404592,-311.79903538,-352.23778181,-348.93441372,-360.28915582,-361.25502704,-361.42411081,-363.52964886,-369.24176584,-370.36753946,-371.29491957,-371.55139681,-384.95773595,-384.98655012,-390.18497763,-412.42546688,-412.42606297,-416.81093499,-416.81195228,-408.88099188,-418.06809933,-418.07385182,-424.13732314,-425.41574120,-426.67914100,-426.80907694,-429.14327565,-435.54586638,-435.55939306,-441.37986496,-441.38964870,-445.80189989,-445.84953073,-447.29220357,-448.06956758,-448.64262403,-448.64268498,-451.15115584,-452.30988236,-452.31461157,-453.28301511,-453.28435174,-454.47054907,-454.47054920,-455.34665296,-456.12682296,-456.12914375,-456.69635796,-457.19405801,-457.19462311,-457.60041312,-457.60051453,-457.95714171,-458.11263597,-458.21035419,-458.21041647,-458.30776127,-458.30776496,-458.46703647,-458.46814289,-458.67424719,-458.67410623,-458.93553355,-458.94423078,-459.24412861,-459.24978537,-459.68460186,-459.68465219,-460.13410203,-460.13937221,-460.36891967,-461.26426836,-461.24959479,-461.56643432,-461.64236267,-461.67888485,-461.67891706,-461.70908432,-461.70908317,-461.72701164,-461.74720816,-461.74731100,-461.78022389,-461.78065167,-461.83881520,-461.84293342,-461.98112694,-462.04816672,-462.10588069,-462.15214073,-462.29695432,-463.29635916,-464.09360392,-464.09482117,-464.87036426,-464.96574629,-465.57560150,-466.07133931,-466.41027824,-466.41027818,-466.64570424,-466.64573638,-466.77684000,-466.92613662,-466.92598097,-467.03076775,-467.03192856,-467.09829755,-467.13518443,-467.16550584,-467.18656910,-467.19628504,-467.19643778,-467.21689615,-467.22957499,-467.22958119,-467.24415882,-467.24417275,-467.25898432,-467.25898019,-467.27479355,-467.29645697,-467.29646784,-467.32518479,-467.33542259,-467.33776332,-467.36095313,-467.40512014,-467.40634845,-467.50234826,-467.58104646,-467.65341123,-467.65791470,-467.70239495,-467.79596355,-467.80793928,-467.97413643,-467.99165854,-468.13595943,-468.28885619,-468.42337657,-468.42362268,-468.57943014,-468.58171173,-468.68032140,-468.71998372,-468.74811048,-468.77789918,-468.80683309,-468.83179863,-468.85178061,-468.85172020,-468.90564999,-468.95226624,-468.95226929,-468.99736427,-468.99735433,-469.04248062,-469.04248068,-469.10005491,-469.10056084,-469.18108615,-469.18173328,-469.31772344,-469.32972397,-469.57028658,-469.57385628,-469.71717104,-469.89748768,-469.90595092,-469.96318197,-470.00818583,-470.00824095,-470.04772204,-470.04779936,-470.06950718,-470.09321337,-470.09303390,-470.11685655,-470.11759991,-470.13090121,-470.14129720,-470.14164037,-470.15030253,-470.14764679,-470.15025047,-470.15030057,-470.15791071,-470.16823752,-470.17400244,-470.17936991,-470.18397421,-470.19458147,-470.19553755,-470.20115679,-470.19985735,-470.20065974,-470.20120495,-470.19985773,-470.20120202,-470.19964610,-470.20120358,-470.20120436,-470.20119872,-470.20120191,-470.20120350,-470.20120428,-470.20120467,-470.19987959,-470.20069410,-470.20102833,-470.20115528,-470.20120605,-470.19965186,-470.20120618,-470.20120635,-470.20120638,-470.19988020,-470.20069542,-470.20102942,-470.20115638,-470.19963220,-470.20118150,-470.19988020,-470.20069542,-470.20102942,-470.20115638,-470.19963220,-470.20118150,,,,,,,,,,,,,,,,,,,,,,,,,,,,,,,,,,,,,,,,,,,,,,,,,,,,,,,,,,,,,,,,,,,,,,,,,,,,,,,,,,,,,,,,,,,,,,,,,,,,,,,,,,,,,,,,,,,,,,,,,,,,,,,,,,,,,,,,,,,,,,,,,,,,,,,,,,,,,,,,,,,,,,,,,,,,,,,,,,,,,,,,,,,,,,,,,,,,,,,,,,,,,,,,,,,,,,,,,,,,,,,,,,,,,,,,,,,,,,,,,,,,,,,,,,,,,,,,,,,,,,,,,,,,,,,,,,,,,,,,,,,,,,,,,,,,,,,,,,,,,,,,,,,,,,,,,,,,,,,,,,,,,,,,,,,,,,,,,,,,,,,,,,,,,,,,,,,,,,,,,,,,,,,,,,,,,,,,,,,,,,,,,,,
structure4,bfgs,random,-78.39515649,-87.52574197,-84.44808484,-87.94034992,-87.98929276,-135.89943280,-200.35460608,-185.38793529,30.84979488,-219.45937426,-233.89633588,-280.23507885,-281.98145713,-281.41536998,-282.03795197,-282.03824814,-301.15799340,-312.76485502,-312.78632455,-324.28252365,-329.63890741,-329.69965443,-8037.94515433,-957.34628299,-11138.41117790,-12091.58788282,-13110.97743946,-13112.19099976,-15455.20975523,-13881.24028838,-15562.12897432,-15575.09637988,-15576.25256219,-15576.25959143,-15578.64360079,-15581.68748947,-15581.78143135,-15612.12911318,-15611.73618515,-15766.56578958,-15776.16463031,-15776.37013131,-16593.41816817,-16620.26990139,-16625.41623028,-16625.55252004,-18051.34426843,-49148.54045004,-17692.38960448,-63020.48499491,-178828.06392519,-474417.21542775,-702823.95988930,-63755.40619137,-425025.49077981,-703930.80692015,-704812.41042257,-704826.36832447,-805608.51500467,-862987.57377034,-863121.56662981,-863435.87156961,-863435.88685609,-1083498.24952445,-1212673.18017172,-1355740.63344203,-1513100.66446464,-1684896.41463848,-1870662.86353259,-1854513.93782167,-56078.81534047,-1384581.60943023,-2800233.15410805,-2797239.14816392,-2801369.84019073,-2801369.84019073,-2801369.84019073,,,,,,,,,,,,,,,,,,,,,,,,,,,,,,,,,,,,,,,,,,,,,,,,,,,,,,,,,,,,,,,,,,,,,,,,,,,,,,,,,,,,,,,,,,,,,,,,,,,,,,,,,,,,,,,,,,,,,,,,,,,,,,,,,,,,,,,,,,,,,,,,,,,,,,,,,,,,,,,,,,,,,,,,,,,,,,,,,,,,,,,,,,,,,,,,,,,,,,,,,,,,,,,,,,,,,,,,,,,,,,,,,,,,,,,,,,,,,,,,,,,,,,,,,,,,,,,,,,,,,,,,,,,,,,,,,,,,,,,,,,,,,,,,,,,,,,,,,,,,,,,,,,,,,,,,,,,,,,,,,,,,,,,,,,,,,,,,,,,,,,,,,,,,,,,,,,,,,,,,,,,,,,,,,,,,,,,,,,,,,,,,,,,,,,,,,,,,,,,,,,,,,,,,,,,,,,,,,,,,,,,,,,,,,,,,,,,,,,,,,,,,,,,,,,,,,,,,,,,,,,,,,,,,,,,,,,,,,,,,,,,,,,,,,,,,,,,,,,,,,,,,,,,,,,,,,,,,,,,,,,,,,,,,,,,,,,,,,,,,,,,,,,,,
structure5,bfgs,random,-53.86050424,-58.87369094,-59.53156609,-59.54120879,-127.59830330,-172.21320204,-131343.35480664,-9025.90323096,-167084.90325364,-inf,-inf,-inf,-inf,-inf,-inf,-inf,-inf,-inf,-inf,-inf,-inf,-inf,-inf,-inf,-inf,-inf,-inf,-inf,-inf,-inf,-inf,-inf,-inf,-inf,,,,,,,,,,,,,,,,,,,,,,,,,,,,,,,,,,,,,,,,,,,,,,,,,,,,,,,,,,,,,,,,,,,,,,,,,,,,,,,,,,,,,,,,,,,,,,,,,,,,,,,,,,,,,,,,,,,,,,,,,,,,,,,,,,,,,,,,,,,,,,,,,,,,,,,,,,,,,,,,,,,,,,,,,,,,,,,,,,,,,,,,,,,,,,,,,,,,,,,,,,,,,,,,,,,,,,,,,,,,,,,,,,,,,,,,,,,,,,,,,,,,,,,,,,,,,,,,,,,,,,,,,,,,,,,,,,,,,,,,,,,,,,,,,,,,,,,,,,,,,,,,,,,,,,,,,,,,,,,,,,,,,,,,,,,,,,,,,,,,,,,,,,,,,,,,,,,,,,,,,,,,,,,,,,,,,,,,,,,,,,,,,,,,,,,,,,,,,,,,,,,,,,,,,,,,,,,,,,,,,,,,,,,,,,,,,,,,,,,,,,,,,,,,,,,,,,,,,,,,,,,,,,,,,,,,,,,,,,,,,,,,,,,,,,,,,,,,,,,,,,,,,,,,,,,,,,,,,,,,,,,,,,,,,,,,,,,,,,,,,,,,,,,,,,,,,,,,,,,,,,,,,,,,,,,,,,,,,,,,,,,,,,,,,,,
structure65,bfgs,random,-358.58070466,-366.82632422,-370.51648489,-371.56079456,-371.70634515,-377.67424125,-373.29407070,-377.57522385,-377.80256583,-397.12095831,-400.96966951,-401.46151297,-411.63425623,-411.66406729,-437.01777372,-414.16004346,-437.01777372,-443.09302331,-443.61862044,-443.68926912,-451.25268614,-454.60767574,-456.42334449,-457.58236884,-457.58750475,-459.24027410,-459.27958515,-460.50572730,-461.86906238,-462.85865348,-463.52087586,-464.12811477,-464.27702978,-464.70584739,-464.71465995,-465.47107022,-465.73141593,-465.80856670,-465.80855928,-465.85687655,-465.85687820,-465.88970450,-465.94641554,-465.94654666,-466.04509559,-466.05050152,-466.20076692,-466.22461859,-466.43559691,-466.61458660,-466.69184257,-466.79180298,-466.88737299,-466.88737632,-467.00336523,-467.00322104,-467.07652079,-467.15201288,-467.19674352,-467.19694993,-467.24287171,-467.24388234,-467.29258497,-467.33340366,-467.33548305,-467.37563957,-467.41616649,-467.46638455,-467.46651330,-467.59631502,-467.66146994,-467.70802223,-467.97865800,-467.89142683,-467.97819926,-467.98043989,-468.15692923,-468.62775159,-468.62814576,-468.94294757,-468.94338186,-469.17811188,-469.17843419,-469.30722355,-469.36167698,-469.42989527,-469.45891413,-469.46812184,-469.60935841,-469.66957751,-469.70174988,-469.80386203,-469.85470356,-469.85470709,-469.91480085,-469.91479894,-469.93921481,-469.94481286,-469.96495839,-469.98841941,-470.00133766,-470.00157845,-470.00827281,-470.01085009,-470.01184357,-470.01145822,-470.01388364,-470.01426344,-470.01427652,-470.01427799,,,,,,,,,,,,,,,,,,,,,,,,,,,,,,,,,,,,,,,,,,,,,,,,,,,,,,,,,,,,,,,,,,,,,,,,,,,,,,,,,,,,,,,,,,,,,,,,,,,,,,,,,,,,,,,,,,,,,,,,,,,,,,,,,,,,,,,,,,,,,,,,,,,,,,,,,,,,,,,,,,,,,,,,,,,,,,,,,,,,,,,,,,,,,,,,,,,,,,,,,,,,,,,,,,,,,,,,,,,,,,,,,,,,,,,,,,,,,,,,,,,,,,,,,,,,,,,,,,,,,,,,,,,,,,,,,,,,,,,,,,,,,,,,,,,,,,,,,,,,,,,,,,,,,,,,,,,,,,,,,,,,,,,,,,,,,,,,,,,,,,,,,,,,,,,,,,,,,,,,,,,,,,,,,,,,,,,,,,,,,,,,,,,,,,,,,,,,,,,,,,,,,,,,,,,,,,,,,,,,,,,,,,,,,,,,,,,,,,,,,,,,,,,,,,,,,,,,,,,,,,,,,,,,,,,,,,,,,,,,,,,,,,,,,,,,,,,,,,,,,,,,,,,,,,,,,,,
structure1,bfgs,rattled,-475.56714681,-475.56730164,-475.56731778,-475.56731824,,,,,,,,,,,,,,,,,,,,,,,,,,,,,,,,,,,,,,,,,,,,,,,,,,,,,,,,,,,,,,,,,,,,,,,,,,,,,,,,,,,,,,,,,,,,,,,,,,,,,,,,,,,,,,,,,,,,,,,,,,,,,,,,,,,,,,,,,,,,,,,,,,,,,,,,,,,,,,,,,,,,,,,,,,,,,,,,,,,,,,,,,,,,,,,,,,,,,,,,,,,,,,,,,,,,,,,,,,,,,,,,,,,,,,,,,,,,,,,,,,,,,,,,,,,,,,,,,,,,,,,,,,,,,,,,,,,,,,,,,,,,,,,,,,,,,,,,,,,,,,,,,,,,,,,,,,,,,,,,,,,,,,,,,,,,,,,,,,,,,,,,,,,,,,,,,,,,,,,,,,,,,,,,,,,,,,,,,,,,,,,,,,,,,,,,,,,,,,,,,,,,,,,,,,,,,,,,,,,,,,,,,,,,,,,,,,,,,,,,,,,,,,,,,,,,,,,,,,,,,,,,,,,,,,,,,,,,,,,,,,,,,,,,,,,,,,,,,,,,,,,,,,,,,,,,,,,,,,,,,,,,,,,,,,,,,,,,,,,,,,,,,,,,,,,,,,,,,,,,,,,,,,,,,,,,,,,,,,,,,,,,,,,,,,,,,,,,,,,,,,,,,,,,,,,,,,,,,,,,,
structure2,bfgs,rattled,-475.56714645,-475.56730155,-475.56731780,-475.56731824,,,,,,,,,,,,,,,,,,,,,,,,,,,,,,,,,,,,,,,,,,,,,,,,,,,,,,,,,,,,,,,,,,,,,,,,,,,,,,,,,,,,,,,,,,,,,,,,,,,,,,,,,,,,,,,,,,,,,,,,,,,,,,,,,,,,,,,,,,,,,,,,,,,,,,,,,,,,,,,,,,,,,,,,,,,,,,,,,,,,,,,,,,,,,,,,,,,,,,,,,,,,,,,,,,,,,,,,,,,,,,,,,,,,,,,,,,,,,,,,,,,,,,,,,,,,,,,,,,,,,,,,,,,,,,,,,,,,,,,,,,,,,,,,,,,,,,,,,,,,,,,,,,,,,,,,,,,,,,,,,,,,,,,,,,,,,,,,,,,,,,,,,,,,,,,,,,,,,,,,,,,,,,,,,,,,,,,,,,,,,,,,,,,,,,,,,,,,,,,,,,,,,,,,,,,,,,,,,,,,,,,,,,,,,,,,,,,,,,,,,,,,,,,,,,,,,,,,,,,,,,,,,,,,,,,,,,,,,,,,,,,,,,,,,,,,,,,,,,,,,,,,,,,,,,,,,,,,,,,,,,,,,,,,,,,,,,,,,,,,,,,,,,,,,,,,,,,,,,,,,,,,,,,,,,,,,,,,,,,,,,,,,,,,,,,,,,,,,,,,,,,,,,,,,,,,,,,,,,,,,
structure1,conj,random,-328.26969713,-332.98357959,-335.07537576,-335.36627627,-380.85510697,-382.54073890,-382.69476122,-399.59975836,-399.61053818,-417.06703513,-417.55446414,-430.82863908,-430.85878219,-437.15478790,-445.63324260,-445.71396624,-448.42792571,-448.44935107,-451.07945587,-451.09000986,-452.20910039,-453.37222275,-453.37912928,-454.95940672,-454.98653664,-456.34190354,-456.87613287,-457.39318729,-457.39385972,-457.82749817,-457.82791788,-458.67472868,-458.67656367,-459.05940984,-459.05944207,-459.70738930,-459.71158534,-459.95609092,-460.22756522,-460.22758185,-460.46467391,-460.60821165,-460.89616099,-460.89620014,-461.24673063,-461.91376542,-462.13976674,-462.13757053,-462.45474583,-462.72137793,-462.96757078,-462.96765009,-463.04837571,-463.14675875,-463.14700611,-463.25281280,-463.25281510,-463.36440214,-463.48732116,-463.48752657,-463.54830969,-463.63392594,-463.63418991,-463.72613047,-463.96433792,-463.96853394,-464.34712251,-464.35098150,-464.49933959,-464.49934773,-464.64854620,-464.64855297,-464.76760706,-464.76763014,-464.87305169,-464.95683778,-464.95682349,-465.03902346,-465.03904322,-465.16322657,-465.16321697,-465.22077123,-465.31128637,-465.32479163,-465.35812168,-465.35812200,-465.37879181,-465.42308926,-465.42308921,-465.45833794,-465.45833801,-465.52788232,-465.52914888,-465.60491311,-465.64821200,-465.74282037,-465.74639736,-465.82695499,-465.94567881,-465.94569988,-466.05257081,-466.11472423,-466.16351613,-466.16351642,-466.22377216,-466.22432791,-466.25655617,-466.29572549,-466.29574866,-466.32769962,-466.37688602,-466.37692861,-466.41030651,-466.43958812,-466.43961905,-466.45935424,-466.47277607,-466.48622799,-466.48623116,-466.50647351,-466.50647115,-466.53501936,-466.53500737,-466.55489113,-466.58154359,-466.58154409,-466.60159850,-466.60165067,-466.65558141,-466.65576386,-466.68170465,-466.68170371,-466.74548553,-466.74548525,-466.78258851,-466.80717923,-466.80840037,-466.83806635,-466.85116660,-466.86824152,-466.86826135,-466.88283312,-466.88299176,-466.90383587,-466.90397359,-466.92123804,-466.93758021,-466.93762010,-466.95528211,-466.95528309,-466.96995235,-466.98106008,-466.98105596,-466.99342161,-466.99342186,-467.00900213,-467.02504771,-467.02522580,-467.05315033,-467.05336685,-467.07643644,-467.14098334,-467.14097687,-467.19529529,-467.25852432,-467.25852164,-467.30195560,-467.34381579,-467.34390330,-467.41074709,-467.41205021,-467.45199957,-467.48073373,-467.48165086,-467.49174240,-467.46376478,-467.50505230,-467.50505256,-467.53009711,-467.53025126,-467.54841106,-467.60794832,-467.60815034,-467.64280815,-467.64280873,-467.65944152,-467.65944433,-467.67084425,-467.67084045,-467.68581024,-467.68574703,-467.70636857,-467.70656670,-467.72345490,-467.73843574,-467.76155625,-467.76163715,-467.79549768,-467.79548182,-467.82850293,-467.82889617,-467.84176139,-467.86349240,-467.86349326,-467.89617092,-467.89618968,-467.91075924,-467.91075984,-467.92028765,-467.92025807,-467.92559996,-467.92542068,-467.92990445,-467.93610423,-467.93622529,-467.94292761,-467.94727122,-467.94727108,-467.94973176,-467.95230625,-467.95229297,-467.95812463,-467.95811767,-467.96371318,-467.96782556,-467.97668703,-467.97669444,-467.98276488,-467.98647254,-467.99029907,-467.98581385,-467.99069692,-467.99069987,-467.99992766,-467.99992788,-468.00561143,-468.00680381,-468.00886238,-468.00896929,-468.01107966,-468.01107928,-468.01988843,-468.01988531,-468.02702880,-468.03997466,-468.03998032,-468.04516165,-468.04514627,-468.05099925,-468.05220541,-468.06132784,-468.06181051,-468.06690594,-468.06913332,-468.06968838,-468.07139630,-468.07377827,-468.07377830,-468.07544664,-468.07661387,-468.07659388,-468.07781524,-468.07752223,-468.07781061,-468.07781507,-468.07940911,-468.07387667,-468.08209879,-468.08210832,-468.08487933,-468.08698015,-468.08684682,-468.07861999,-468.08789699,-468.08803778,-468.08838217,-468.08880182,-468.08877402,-468.08988143,-468.09069588,-468.09145338,-468.09192041,-468.09775042,-468.10122398,-468.10362090,-468.10458731,-468.11792097,-468.12735853,-468.12739132,-468.13116067,-468.13439602,-468.13567243,-468.13614160,-468.13643486,-468.13750869,-468.14095213,-468.14095214,-468.14539672,-468.14813781,-468.15108833,-468.15108835,-468.15734114,-468.15734114,-468.15989516,-468.16123881,-468.16409938,-468.16394880,-468.16830926,-468.16830929,-468.17202022,-468.17203913,-468.17726338,-468.18353839,-468.19021280,-468.19739507,-468.21250016,-468.21271964,-468.22012915,-468.22298074,-468.22298058,-468.22810169,-468.22809151,-468.23386916,-468.23386329,-468.23675897,-468.24126847,-468.24126937,-468.24431371,-468.24759192,-468.24777910,-468.25186588,-468.25235944,-468.26133034,-468.26133190,-468.26555305,-468.26763760,-468.27101060,-468.27091560,-468.27432010,-468.28606723,-468.28666918,-468.30065233,-468.30064663,-468.31520383,-468.31520380,-468.32810305,-468.34425631,-468.34425013,-468.37225427,-468.37240695,-468.38699418,-468.38699404,-468.39105004,-468.39116867,-468.39116836,-468.40018529,-468.40018570,-468.40323805,-468.40332477,-468.40904151,-468.40903352,-468.42230146,-468.42240510,-468.43260658,-468.43260697,-468.43980554,-468.44743381,-468.45067258,-468.45067166,-468.45737719,-468.46236984,-468.46272100,-468.46851936,-468.48591896,-468.48591939,-468.52514089,-468.52642109,-468.59786678,-468.67910781,-468.74094070,-468.74094110,-469.01280118,-468.94406019,-469.00936031,-469.01280043,-469.35952464,-469.57429739,-469.57429870,-469.74778636,-469.74784473,-469.80241707,-469.80272286,-470.00175786,-470.00178236,-470.24512272,-470.38964162,-470.38965429,-470.55523083,-470.55524185,-470.72899796,-470.72902440,-470.81900060,-470.81925049,-470.85948562,-470.88464608,-470.88464749,-470.91016897,-470.91016669,-470.93288337,-470.93351791,-470.96229023,-470.96228861,-471.01318012,-471.01354132,-471.08867437,-471.08867334,-471.13924639,-471.13925377,-471.17447481,-471.17447505,-471.20072647,-471.20072927,-471.21987363,-471.21985746,-471.23006003,-471.23019362,-471.23612538,-471.24621279,-471.24621173,-471.25803554,-471.25808938,-471.30044521,-471.30059178,-471.31502051,-471.31502179,-471.33964714,-471.33980221,-471.35957545,-471.35957342,-471.38308159,-471.39267557,-471.39848004,-471.40527267,-471.41010611,-471.41783891,-471.41780905,-471.42032722,-471.42317939,-471.42445491,-471.42654134,-471.42654098,-471.42876921,-471.42876899,-471.43237848,-471.43201282,-471.43378012,-471.43466068,-471.43546373,-471.43673323,-471.43826064,-471.43826017,-471.43931161,-471.44111905,-471.44190338,-471.44329139,-471.44464114,-471.44557508,-471.44600946,-471.44657899,-471.44654205,-471.44730900,-471.44730782,-471.44779068,-471.44812307,-471.44833040,-471.44836047,-471.44849958,-471.44875533,-471.44875196,-471.44888177,-471.44888179,-471.44895353,-471.44913644,-471.44930795,-471.44941885,-471.44944056,-471.44953122,-471.44963525,-471.44972778,-471.45003558,-471.45038025,-471.45148257,-471.45145943,-471.45194800,-471.45227736,-471.45233526,-471.45249568,-471.45250876,-471.45258412,-471.45259606,-471.45274398,-471.45284391,-471.45293795,-471.45297535,-471.45296710,-471.45309793,-471.45310082,-471.45313267,-471.45322054,-471.45337075,-471.45326640,-471.45333987,-471.45338282,-471.45339234,-471.45339825,-471.45340303,-471.45329012,-471.45343360,-471.45343813,-471.45344084,-471.45344393,-471.45333366,-471.45329946,-471.45327330,-471.45344518,-471.45344542,-471.45344553,-471.45333435,-471.45329701,-471.45327305,-471.45327058,-471.45344557,-471.45327663,-471.45327069,-471.45327058,,,,,,,,,,,,,,,,,,,,,,,,,,,,,,,,,,,,,,,,,,,,,,,,,,,,,,,,,,,,,,,,,,,,,,,,,,,,,,,,,,,,,,,,,,
structure57,conj,random,-287.03404440,-314.48515249,-314.41575039,-379.91588132,-379.91549646,-415.52115264,-416.29538504,-416.41812379,-437.37092697,-437.38732200,-442.12422413,-442.14244666,-445.79577918,-448.19755165,-448.20507453,-451.13930305,-451.15649231,-453.36400562,-454.06639445,-455.04353402,-455.05496181,-455.84693844,-455.84770630,-456.58266993,-457.94678013,-457.96740162,-459.38395041,-459.38811924,-460.52884564,-461.06834619,-462.27870193,-462.31323308,-463.50075329,-463.50083454,-464.04814918,-464.50823893,-464.50997212,-465.18661408,-465.19041742,-465.55659247,-465.71690687,-465.71682964,-465.83807285,-465.96641516,-465.96653339,-466.11667634,-466.11668264,-466.27296472,-466.27299589,-466.41003421,-466.47272733,-466.53083768,-466.53083723,-466.60148289,-466.60155626,-466.66484588,-466.72439774,-466.72439844,-466.77531749,-466.77531776,-466.87769121,-466.87911216,-466.95006398,-467.04372772,-467.04389909,-467.13986439,-467.13968331,-467.19736764,-467.25089836,-467.25093480,-467.35442867,-467.35448622,-467.52709868,-467.52840270,-467.85279136,-468.10024451,-468.44648140,-468.47322951,-468.72468490,-469.01143680,-469.25133884,-469.25171840,-469.38855797,-469.52114880,-469.52143998,-469.73080957,-469.73196969,-469.95188933,-469.95188957,-470.24708821,-470.24713598,-470.56454728,-470.85086611,-470.85232216,-470.96546108,-471.07296621,-471.07314179,-471.15581896,-471.19829703,-471.27389012,-471.27438095,-471.37844975,-471.37845266,-471.46520573,-471.52032500,-471.56216438,-471.56234432,-471.59094146,-471.59093947,-471.61756889,-471.66890969,-471.66905140,-471.71713653,-471.73898202,-471.73898213,-471.76636853,-471.76767302,-471.80376426,-471.80389361,-471.84444837,-471.84448728,-471.89874774,-471.89875521,-471.99360347,-472.11179229,-472.12888580,-472.25153991,-472.29458758,-472.29459678,-472.34552267,-472.34554428,-472.36543098,-472.38759449,-472.38759588,-472.41950745,-472.41950449,-472.43961603,-472.45027965,-472.46144679,-472.46150789,-472.46684508,-472.47254990,-472.47645670,-472.47643983,-472.47659498,-472.47931803,-472.47931831,-472.48103829,-472.48280865,-472.48694671,-472.48695716,-472.49013067,-472.49268990,-472.49682238,-472.49682227,-472.50144584,-472.50144748,-472.50476540,-472.50980355,-472.51160242,-472.51087858,-472.51550509,-472.51747436,-472.51942722,-472.51999245,-472.52067680,-472.52163709,-472.52145048,-472.52225386,-472.52322288,-472.52382465,-472.52381718,-472.52434154,-472.52466743,-472.52488456,-472.52558069,-472.52565848,-472.52585921,-472.52593105,-472.52596786,-472.52599500,-472.52600499,-472.52600883,-472.52601422,-472.52601674,-472.52605151,-472.52598551,-472.52591165,-472.52586048,-472.52602271,-472.52624434,-472.52627119,-472.52652459,-472.52678212,-472.52691276,-472.52699366,-472.52706066,-472.52722500,-472.52725912,-472.52771713,-472.52765482,-472.52789964,-472.52827744,-472.52849036,-472.52861741,-472.52874359,-472.52909996,-472.52913224,-472.52941390,-472.52942112,-472.52945849,-472.52948650,-472.52950256,-472.52954444,-472.52961718,-472.52972166,-472.52990267,-472.53001358,-472.53006400,-472.53008044,-472.53008493,-472.53009179,-472.53009713,-472.53010098,-472.53010694,-472.53011607,-472.53011982,-472.53012449,-472.53014374,-472.53014786,-472.53015456,-472.53015672,-472.53015921,-472.53016115,-472.53016203,-472.53016263,-472.53016342,-472.53016394,-472.53016441,-472.53016503,-472.53016538,,,,,,,,,,,,,,,,,,,,,,,,,,,,,,,,,,,,,,,,,,,,,,,,,,,,,,,,,,,,,,,,,,,,,,,,,,,,,,,,,,,,,,,,,,,,,,,,,,,,,,,,,,,,,,,,,,,,,,,,,,,,,,,,,,,,,,,,,,,,,,,,,,,,,,,,,,,,,,,,,,,,,,,,,,,,,,,,,,,,,,,,,,,,,,,,,,,,,,,,,,,,,,,,,,,,,,,,,,,,,,,,,,,,,,,,,,,,,,,,,,,,,,,,,,,,,,,,,,,,,,,,,,,,,,,,,,,,,,,,,,,,,,,,,,,,,,,,,,,,,,,,,,,,,,,,,,,,,,,,,,,,,,,,,,,,,,,,,,,,,,,,,,,,,,,,,,,,,,,,,,,,,,,,,,,,,,,,,,,,,,,,
structure4,conj,random,-253.88567143,-275.96437803,-278.25586204,-278.26112510,-311.31476031,-313.89304184,-313.96528295,-342.32922179,-348.64034353,-347.11950994,-348.61199333,-348.67815793,-364.53473298,-366.27877170,-366.36882043,-383.45823040,-383.45951421,-394.00163825,-409.00340274,-409.59728572,-409.60933571,-414.57555438,-414.70248329,-424.31186834,-424.35968547,-430.46865990,-435.24120660,-435.26827231,-440.24219168,-440.28607881,-445.42788397,-445.46665330,-448.47817101,-452.49960298,-452.51821848,-454.80262613,-454.86416989,-456.61746931,-457.42724139,-457.43535044,-458.09469567,-458.09684200,-458.31178500,-458.57707862,-458.57755392,-459.48812868,-459.59387656,-461.09718133,-462.34646952,-462.99386443,-463.54072469,-463.54072980,-464.02183421,-464.02224836,-464.36969467,-464.70941346,-464.70953476,-464.87187903,-464.87203593,-464.99255015,-464.99258443,-465.29208763,-465.29246607,-465.52369382,-465.83792178,-466.11344369,-466.29455562,-466.29455484,-466.48159569,-466.48167838,-466.58040001,-466.66820476,-466.66820786,-466.71167912,-466.76957824,-466.76957869,-466.86599789,-466.86605880,-466.93908161,-467.07372933,-467.07378376,-467.17238163,-467.38328426,-467.38323734,-467.61157805,-467.87181208,-468.13657979,-468.13657209,-468.31845941,-468.42922980,-468.42933665,-468.73866025,-468.75022253,-468.90091070,-468.90091593,-469.02163955,-469.02164893,-469.09629592,-469.15067738,-469.15074470,-469.21611381,-469.21610116,-469.25770205,-469.29159458,-469.29194616,-469.31010059,-469.32761252,-469.32762780,-469.35058044,-469.35058126,-469.36344578,-469.37727372,-469.37729444,-469.39420296,-469.39443521,-469.41289505,-469.41289677,-469.43487323,-469.44892322,-469.44892407,-469.45505835,-469.45828634,-469.46228167,-469.46228172,-469.46655292,-469.46926090,-469.47132592,-469.47127790,-469.47488581,-469.47488564,-469.47820593,-469.48234427,-469.48636780,-469.48636944,-469.48897842,-469.49253012,-469.49253018,-469.49635620,-469.49635771,-469.49810474,-469.49972298,-469.50151563,-469.50151875,-469.50356522,-469.50501208,-469.50606670,-469.50787299,-469.50987692,-469.51197515,-469.51192452,-469.51332018,-469.51500474,-469.51641597,-469.51723511,-469.51813616,-469.51941059,-469.52036117,-469.52135906,-469.52138676,-469.52218500,-469.52357632,-469.52357632,-469.52463738,-469.52535569,-469.52618065,-469.52701452,-469.52777709,-469.52850095,-469.52895195,-469.52980951,-469.53075284,-469.53060527,-469.53146840,-469.53201348,-469.53201350,-469.53260033,-469.53313462,-469.53355427,-469.53399201,-469.53451268,-469.53454175,-469.53526353,-469.53583365,-469.53673266,-469.53700696,-469.53673981,-469.53699630,-469.53700608,-469.53939427,-469.54017005,-469.54047901,-469.54058036,-469.54180238,-469.54179991,-469.54227451,-469.54241580,-469.54238666,-469.54254497,-469.54250063,-469.54260615,-469.54262083,-469.54261075,-469.54261958,-469.54262314,-469.54273912,-469.54268620,-469.54269597,-469.54315837,-469.54338036,-469.54339251,-469.54341644,-469.54342547,-469.54342904,-469.54333147,-469.54347075,-469.54347576,-469.54362320,-469.54363516,-469.54352222,-469.54359591,-469.54364347,-469.54365359,-469.54365852,-469.54366309,-469.54354942,-469.54351848,-469.54367404,-469.54367598,-469.54367740,-469.54355285,-469.54352322,-469.54350598,-469.54355330,-469.54352382,-469.54350681,-469.54368074,-469.54368074,-469.54368074,,,,,,,,,,,,,,,,,,,,,,,,,,,,,,,,,,,,,,,,,,,,,,,,,,,,,,,,,,,,,,,,,,,,,,,,,,,,,,,,,,,,,,,,,,,,,,,,,,,,,,,,,,,,,,,,,,,,,,,,,,,,,,,,,,,,,,,,,,,,,,,,,,,,,,,,,,,,,,,,,,,,,,,,,,,,,,,,,,,,,,,,,,,,,,,,,,,,,,,,,,,,,,,,,,,,,,,,,,,,,,,,,,,,,,,,,,,,,,,,,,,,,,,,,,,,,,,,,,,,,,,,,,,,,,,,,,,,,,,,,,,,,,,,,,,,,,,,,,,,,,,,,,,,,,,,,,,,,,,,,,,,,,,,,,,,,,,,,,,,,,,,,,,,,,,,,,,,,,,,,,,,,,,,,,,,,,,,,,,,,,,,,,,
structure65,conj,random,-333.87884266,-338.62254581,-340.02226173,-340.24616919,-392.10925495,-392.10509549,-410.58642815,-410.63765347,-425.83394009,-425.88334411,-435.09315950,-440.86459816,-440.98112804,-444.25052444,-444.28965683,-449.52253114,-449.52861819,-453.48155416,-453.48864741,-455.39109611,-455.39197349,-456.81150645,-458.99052078,-459.01889747,-461.07241379,-461.17045248,-462.83483164,-463.96980281,-463.97342838,-464.83914489,-464.83922223,-465.56141001,-465.56144269,-465.95513064,-465.95513045,-466.56606169,-466.56621455,-466.93922249,-467.20912920,-467.20923515,-467.60054429,-467.60155278,-467.95111958,-468.24508104,-468.64521506,-468.64588642,-468.79965008,-469.00648975,-469.00649879,-469.09805643,-469.17504247,-469.17510162,-469.21898250,-469.26296741,-469.26307882,-469.31592408,-469.31600163,-469.35569178,-469.35595184,-469.39862104,-469.47084142,-469.47075465,-469.49853451,-469.53860100,-469.53866394,-469.59494375,-469.59496295,-469.67166029,-469.67170639,-469.71095068,-469.71095112,-469.73037292,-469.73037397,-469.75016150,-469.75015866,-469.77438117,-469.77466792,-469.82575240,-469.82612934,-469.86754262,-469.90885196,-469.98346462,-469.98429859,-470.02151814,-470.06338311,-470.08353512,-470.11027490,-470.11046636,-470.13556359,-470.13567429,-470.14831105,-470.14828601,-470.15690227,-470.16864909,-470.16975984,-470.17776756,-470.18390257,-470.18386626,-470.19363137,-470.19379089,-470.20419351,-470.20422445,-470.21087974,-470.21722489,-470.21722457,-470.22058510,-470.22558332,-470.22672005,-470.24546134,-470.24634334,-470.26919171,-470.29461861,-470.35166125,-470.35154297,-470.39914087,-470.45137617,-470.45138791,-470.48147357,-470.48147426,-470.49980241,-470.50022302,-470.51899179,-470.53793894,-470.55681496,-470.55681758,-470.58002663,-470.59835126,-470.59948008,-470.61192677,-470.62672494,-470.62724253,-470.63767300,-470.64573852,-470.65347939,-470.65350488,-470.66848812,-470.66873020,-470.70596005,-470.71190621,-470.73632419,-470.73632499,-470.76488383,-470.76488315,-470.83561905,-470.83617995,-471.07257984,-471.00800684,-471.07562006,-471.07840855,-471.27183377,-471.27282027,-471.43985752,-471.43986242,-471.52976102,-471.52976122,-471.64665321,-471.64662936,-471.71364373,-471.77484230,-471.77694611,-471.84751704,-471.89150797,-471.89150804,-471.92248873,-471.92279466,-471.96316055,-471.96317500,-472.00332864,-472.11158356,-472.11220921,-472.17988884,-472.17987718,-472.20926808,-472.20933328,-472.24465471,-472.24485971,-472.28753680,-472.28755959,-472.37541337,-472.37562901,-472.53153179,-472.53174617,-472.85023854,-473.06558521,-473.06558271,-473.65747013,-473.64739928,-474.11237397,-474.36003697,-474.94018926,-474.94022266,-475.16133671,-475.29861903,-475.45290812,-475.45293355,-475.50594161,-475.50593883,-475.53323368,-475.55367428,-475.55367431,-475.55758807,-475.55982085,-475.56092857,-475.56180073,-475.56309607,-475.56368249,-475.56411326,-475.56454054,-475.56473065,-475.56483684,-475.56504848,-475.56523276,-475.56532624,-475.56541897,-475.56554168,-475.56567241,-475.56593613,-475.56593709,-475.56609152,-475.56617765,-475.56630319,-475.56644365,-475.56656377,-475.56662437,-475.56667445,-475.56671390,-475.56674743,-475.56681169,-475.56685278,-475.56688169,-475.56692006,-475.56696506,-475.56698754,-475.56700588,-475.56702676,-475.56704282,-475.56705451,-475.56706389,-475.56712197,-475.56714610,-475.56715030,-475.56718131,-475.56721359,-475.56722310,-475.56727395,-475.56728069,-475.56729375,-475.56729897,-475.56730479,-475.56730697,-475.56730837,-475.56731012,-475.56731158,-475.56731224,-475.56731259,-475.56731306,,,,,,,,,,,,,,,,,,,,,,,,,,,,,,,,,,,,,,,,,,,,,,,,,,,,,,,,,,,,,,,,,,,,,,,,,,,,,,,,,,,,,,,,,,,,,,,,,,,,,,,,,,,,,,,,,,,,,,,,,,,,,,,,,,,,,,,,,,,,,,,,,,,,,,,,,,,,,,,,,,,,,,,,,,,,,,,,,,,,,,,,,,,,,,,,,,,,,,,,,,,,,,,,,,,,,,,,,,,,,,,,,,,,,,,,,,,,,,,,,,,,,,,,,,,,,,,,,,,,,,,,,,,,,,,,,,,,,,,,,,,,,,,,,,,,,,,,,,,,,,,,,,,,,,,,,,,,,,,,,,,,,,,,,,,,,,,,,,,,,,,,,,,,,,,,,,,,,,,,,,,,,,,,,
structure1,conj,rattled,-475.52804166,-475.56605188,-475.56605253,-475.56714420,-475.56717316,-475.56721449,-475.56724946,-475.56727208,-475.56727566,-475.56728131,-475.56728480,-475.56728626,-475.56729166,-475.56729564,-475.56729675,-475.56729773,-475.56730049,-475.56730112,-475.56730168,-475.56730221,-475.56730253,-475.56730273,-475.56730298,-475.56730328,-475.56730433,-475.56730470,-475.56730506,-475.56730558,-475.56730581,-475.56730682,-475.56730717,-475.56730727,-475.56730773,-475.56730794,-475.56730809,-475.56730825,-475.56730884,-475.56730910,-475.56730932,-475.56730947,-475.56730958,-475.56730963,-475.56730993,-475.56731017,-475.56731033,-475.56731069,-475.56731104,-475.56731129,-475.56731151,-475.56731192,-475.56731207,-475.56731216,,,,,,,,,,,,,,,,,,,,,,,,,,,,,,,,,,,,,,,,,,,,,,,,,,,,,,,,,,,,,,,,,,,,,,,,,,,,,,,,,,,,,,,,,,,,,,,,,,,,,,,,,,,,,,,,,,,,,,,,,,,,,,,,,,,,,,,,,,,,,,,,,,,,,,,,,,,,,,,,,,,,,,,,,,,,,,,,,,,,,,,,,,,,,,,,,,,,,,,,,,,,,,,,,,,,,,,,,,,,,,,,,,,,,,,,,,,,,,,,,,,,,,,,,,,,,,,,,,,,,,,,,,,,,,,,,,,,,,,,,,,,,,,,,,,,,,,,,,,,,,,,,,,,,,,,,,,,,,,,,,,,,,,,,,,,,,,,,,,,,,,,,,,,,,,,,,,,,,,,,,,,,,,,,,,,,,,,,,,,,,,,,,,,,,,,,,,,,,,,,,,,,,,,,,,,,,,,,,,,,,,,,,,,,,,,,,,,,,,,,,,,,,,,,,,,,,,,,,,,,,,,,,,,,,,,,,,,,,,,,,,,,,,,,,,,,,,,,,,,,,,,,,,,,,,,,,,,,,,,,,,,,,,,,,,,,,,,,,,,,,,,,,,,,,,,,,,,,,,,,,,,,,,,,,,,,
structure2,conj,rattled,-475.51707715,-475.56599689,-475.56599740,-475.56701753,-475.56705838,-475.56712828,-475.56720084,-475.56724254,-475.56725232,-475.56726583,-475.56727297,-475.56727639,-475.56728960,-475.56729731,-475.56729927,-475.56730167,-475.56730819,-475.56730989,-475.56731128,-475.56731167,-475.56731194,-475.56731230,-475.56731257,-475.56731281,-475.56731323,-475.56731341,-475.56731380,-475.56731415,-475.56731423,-475.56731441,-475.56731448,,,,,,,,,,,,,,,,,,,,,,,,,,,,,,,,,,,,,,,,,,,,,,,,,,,,,,,,,,,,,,,,,,,,,,,,,,,,,,,,,,,,,,,,,,,,,,,,,,,,,,,,,,,,,,,,,,,,,,,,,,,,,,,,,,,,,,,,,,,,,,,,,,,,,,,,,,,,,,,,,,,,,,,,,,,,,,,,,,,,,,,,,,,,,,,,,,,,,,,,,,,,,,,,,,,,,,,,,,,,,,,,,,,,,,,,,,,,,,,,,,,,,,,,,,,,,,,,,,,,,,,,,,,,,,,,,,,,,,,,,,,,,,,,,,,,,,,,,,,,,,,,,,,,,,,,,,,,,,,,,,,,,,,,,,,,,,,,,,,,,,,,,,,,,,,,,,,,,,,,,,,,,,,,,,,,,,,,,,,,,,,,,,,,,,,,,,,,,,,,,,,,,,,,,,,,,,,,,,,,,,,,,,,,,,,,,,,,,,,,,,,,,,,,,,,,,,,,,,,,,,,,,,,,,,,,,,,,,,,,,,,,,,,,,,,,,,,,,,,,,,,,,,,,,,,,,,,,,,,,,,,,,,,,,,,,,,,,,,,,,,,,,,,,,,,,,,,,,,,,,,,,,,,,,,,,,,,,,,,,,,,,,,,,,,,,,,
structure89,switch0.1,random,-278.39027088,-740.56857372,-210.16189622,-1682.88378035,-37162.90748606,-19558.49196144,-37470.13430801,-2988.94930753,-49144.80163844,-56199.88382900,-60808.44289677,-60801.42106483,-inf,-3477062.55339872,-inf,-inf,-inf,-inf,-inf,-inf,-inf,-inf,-inf,-inf,-inf,-inf,-inf,-inf,-inf,-inf,-inf,-inf,-inf,-inf,-inf,-inf,-inf,-inf,-inf,-inf,-inf,-inf,-inf,-inf,-inf,-inf,-inf,-inf,-inf,-inf,-inf,-inf,-inf,-inf,-inf,-inf,-inf,,,,,,,,,,,,,,,,,,,,,,,,,,,,,,,,,,,,,,,,,,,,,,,,,,,,,,,,,,,,,,,,,,,,,,,,,,,,,,,,,,,,,,,,,,,,,,,,,,,,,,,,,,,,,,,,,,,,,,,,,,,,,,,,,,,,,,,,,,,,,,,,,,,,,,,,,,,,,,,,,,,,,,,,,,,,,,,,,,,,,,,,,,,,,,,,,,,,,,,,,,,,,,,,,,,,,,,,,,,,,,,,,,,,,,,,,,,,,,,,,,,,,,,,,,,,,,,,,,,,,,,,,,,,,,,,,,,,,,,,,,,,,,,,,,,,,,,,,,,,,,,,,,,,,,,,,,,,,,,,,,,,,,,,,,,,,,,,,,,,,,,,,,,,,,,,,,,,,,,,,,,,,,,,,,,,,,,,,,,,,,,,,,,,,,,,,,,,,,,,,,,,,,,,,,,,,,,,,,,,,,,,,,,,,,,,,,,,,,,,,,,,,,,,,,,,,,,,,,,,,,,,,,,,,,,,,,,,,,,,,,,,,,,,,,,,,,,,,,,,,,,,,,,,,,,,,,,,,,,,,,,,,,,,,,,,,,,,,,,,,,,,,,,,,,,,,,,,,,,,,,,,,,,,
structure57,switch0.1,random,-287.03404440,-314.48515249,-314.41575039,-379.91588132,-379.91549646,-415.52115264,-416.29538504,-416.41812379,-437.37092697,-437.38732200,-442.12422413,-442.14244666,-445.79577918,-448.19755165,-448.20507453,-451.13930305,-451.15649231,-453.36400562,-454.06639445,-455.04353402,-455.05496181,-455.84693844,-455.84770630,-456.58266993,-457.94678013,-457.96740162,-459.38395041,-459.38811924,-460.52884564,-461.06834619,-462.27870193,-462.31323308,-463.50075329,-463.50083454,-464.04814918,-464.50823893,-464.50997212,-465.18661408,-465.19041742,-465.55659247,-465.71690687,-465.71682964,-465.83807285,-465.96641516,-465.96653339,-466.11667634,-466.11668264,-466.27296472,-466.27299589,-466.41003421,-466.47272733,-466.53083768,-466.53083723,-466.60148289,-466.60155626,-466.66484588,-466.72439774,-466.72439844,-466.77531749,-466.77531776,-466.87769121,-466.87911216,-466.95006398,-467.04372772,-467.04389909,-467.13986439,-467.13968331,-467.19736764,-467.25089836,-467.25093480,-467.35442867,-467.35448622,-467.52709868,-467.52840270,-467.85279136,-468.10024451,-468.44648140,-468.47322951,-468.72468490,-469.01143680,-469.25133884,-469.25171840,-469.38855797,-469.52114880,-469.52143998,-469.73080957,-469.73196969,-469.95188933,-469.95188957,-470.24708821,-470.24713598,-470.56454728,-470.85086611,-470.85232216,-470.96546108,-471.07296621,-471.07314179,-471.15581896,-471.19829703,-471.27389012,-471.27438095,-471.37844975,-471.37845266,-471.46520573,-471.52032500,-471.56216438,-471.56234432,-471.59094146,-471.59093947,-471.61756889,-471.66890969,-471.66905140,-471.71713653,-471.73898202,-471.73898213,-471.76636853,-471.76767302,-471.80376426,-471.80389361,-471.84444837,-471.84448728,-471.89874774,-471.89875521,-471.99360347,-472.11179229,-472.12888580,-472.25153991,-472.29458758,-472.29459678,-472.34552267,-472.34554428,-472.36543098,-472.38759449,-472.38759588,-472.41950745,-472.41950449,-472.43961603,-472.45027965,-472.48991418,-472.50746890,-472.52095688,-472.52942733,-472.53010304,-472.53016748,-472.53017057,,,,,,,,,,,,,,,,,,,,,,,,,,,,,,,,,,,,,,,,,,,,,,,,,,,,,,,,,,,,,,,,,,,,,,,,,,,,,,,,,,,,,,,,,,,,,,,,,,,,,,,,,,,,,,,,,,,,,,,,,,,,,,,,,,,,,,,,,,,,,,,,,,,,,,,,,,,,,,,,,,,,,,,,,,,,,,,,,,,,,,,,,,,,,,,,,,,,,,,,,,,,,,,,,,,,,,,,,,,,,,,,,,,,,,,,,,,,,,,,,,,,,,,,,,,,,,,,,,,,,,,,,,,,,,,,,,,,,,,,,,,,,,,,,,,,,,,,,,,,,,,,,,,,,,,,,,,,,,,,,,,,,,,,,,,,,,,,,,,,,,,,,,,,,,,,,,,,,,,,,,,,,,,,,,,,,,,,,,,,,,,,,,,,,,,,,,,,,,,,,,,,,,,,,,,,,,,,,,,,,,,,,,,,,,,,,,,,,,,,,,,,,,,,,,,,,,,,,,,,,,,,,,,,,,,,,,,,,,,,
structure4,switch0.1,random,-253.88567143,-275.96437803,-278.25586204,-278.26112510,-311.31476031,-313.89304184,-313.96528295,-342.32922179,-348.64034353,-347.11950994,-348.61199333,-348.67815793,-364.53473298,-366.27877170,-366.36882043,-383.45823040,-383.45951421,-394.00163825,-409.00340274,-409.59728572,-409.60933571,-414.57555438,-414.70248329,-424.31186834,-424.35968547,-430.46865990,-435.24120660,-435.26827231,-440.24219168,-440.28607881,-445.42788397,-445.46665330,-448.47817101,-452.49960298,-452.51821848,-454.80262613,-454.86416989,-456.61746931,-457.42724139,-457.43535044,-458.09469567,-458.09684200,-458.31178500,-458.57707862,-458.57755392,-459.48812868,-459.59387656,-461.09718133,-462.34646952,-462.99386443,-463.54072469,-463.54072980,-464.02183421,-464.02224836,-464.36969467,-464.70941346,-464.70953476,-464.87187903,-464.87203593,-464.99255015,-464.99258443,-465.29208763,-465.29246607,-465.52369382,-465.83792178,-466.11344369,-466.29455562,-466.29455484,-466.48159569,-466.48167838,-466.58040001,-466.66820476,-466.66820786,-466.71167912,-466.76957824,-466.76957869,-466.86599789,-466.86605880,-466.93908161,-467.07372933,-467.07378376,-467.17238163,-467.38328426,-467.38323734,-467.61157805,-467.87181208,-468.13657979,-468.13657209,-468.31845941,-468.42922980,-468.42933665,-468.73866025,-468.75022253,-468.90091070,-468.90091593,-469.02163955,-469.02164893,-469.09629592,-469.15067738,-469.15074470,-469.21611381,-469.21610116,-469.25770205,-469.29159458,-469.29194616,-469.31010059,-469.32761252,-469.32762780,-469.35058044,-469.35058126,-469.36344578,-469.37727372,-469.37729444,-469.39420296,-469.39443521,-469.41289505,-469.41289677,-469.43487323,-469.44892322,-469.44892407,-469.45505835,-469.47851883,-469.49053465,-469.50001295,-469.50577546,-469.53745561,-469.55087946,-469.55111564,-469.55321610,-469.56645445,-469.58846039,-469.58817613,-469.60969558,-469.62096859,-469.62099984,-469.62538922,-469.62538999,-469.62729163,-469.62721177,-469.62891340,-469.62872227,-469.63110752,-469.63463602,-469.63444455,-469.64526639,-469.64630664,-469.64788628,-469.64648781,-469.64803522,-469.64798988,-469.64834433,-469.64834456,-469.64836825,-469.64837278,-469.64837346,-469.64837359,,,,,,,,,,,,,,,,,,,,,,,,,,,,,,,,,,,,,,,,,,,,,,,,,,,,,,,,,,,,,,,,,,,,,,,,,,,,,,,,,,,,,,,,,,,,,,,,,,,,,,,,,,,,,,,,,,,,,,,,,,,,,,,,,,,,,,,,,,,,,,,,,,,,,,,,,,,,,,,,,,,,,,,,,,,,,,,,,,,,,,,,,,,,,,,,,,,,,,,,,,,,,,,,,,,,,,,,,,,,,,,,,,,,,,,,,,,,,,,,,,,,,,,,,,,,,,,,,,,,,,,,,,,,,,,,,,,,,,,,,,,,,,,,,,,,,,,,,,,,,,,,,,,,,,,,,,,,,,,,,,,,,,,,,,,,,,,,,,,,,,,,,,,,,,,,,,,,,,,,,,,,,,,,,,,,,,,,,,,,,,,,,,,,,,,,,,,,,,,,,,,,,,,,,,,,,,,,,,,,,,,,,,,,,,,,,,,,,,,,,,,,,,,,,,,,,,,,,,,,,,,,,,,,,
structure5,switch0.1,random,-201.61286615,-223.12598260,-222.49824472,-223.33687542,-223.34143131,-269.90205505,-270.01551728,-308.48819437,-309.46312922,-309.62749519,-345.29791580,-345.29123974,-369.88052187,-369.89767595,-389.81880608,-395.42242104,-395.41790552,-402.41546365,-407.01911575,-410.27810992,-410.26121407,-418.06261055,-418.06576180,-420.74163242,-420.74195903,-424.44068753,-424.56793207,-427.59571062,-431.97201564,-432.01295574,-433.70103634,-433.70183290,-435.95103490,-435.95715414,-436.90791040,-438.38878166,-438.38907879,-441.09904769,-441.10973822,-443.29168172,-444.31359588,-444.84470905,-445.31577358,-445.31572760,-445.78869562,-446.51959803,-446.51977035,-447.13959719,-447.79133779,-448.15744488,-448.73322400,-448.73534774,-448.96045456,-449.13662486,-449.26657680,-449.26657623,-449.40770031,-449.40773941,-449.60477358,-449.60481466,-449.87783115,-449.87968270,-450.15684575,-450.63631819,-450.63631795,-450.87168602,-451.17025722,-451.17025601,-451.42750197,-451.42773703,-451.57487696,-451.57487730,-451.64209120,-451.64209005,-451.74765148,-451.74765159,-452.06420141,-452.06418570,-452.21791678,-452.21793368,-452.64253377,-452.64315011,-453.17757749,-453.44683042,-454.04014565,-454.04042463,-455.31726621,-455.65254162,-455.64850540,-456.32684997,-456.32686186,-456.50264072,-456.63444096,-456.63496224,-456.70860312,-456.88091886,-456.88119219,-456.97118729,-457.18594811,-457.18600202,-457.34276843,-457.53209863,-457.53209953,-457.65068334,-457.65068344,-457.69812061,-457.69812153,-457.74314800,-457.74315128,-457.78632084,-457.78649042,-457.89419355,-457.89429385,-458.24779401,-458.24854052,-458.49952196,-458.76780107,-458.99099347,-458.99103292,-459.36822372,-459.36872426,-459.81645777,-460.06638742,-460.22663901,-460.22665366,-460.31628222,-460.31642865,-460.38802326,-460.50973951,-460.50974310,-460.56878766,-460.56879092,-460.70504890,-460.70506928,-460.85040463,-460.85028299,-460.90943476,-460.99448714,-460.99449475,-461.04286393,-461.06307620,-461.06307184,-461.10459153,-461.10459000,-461.16603642,-461.16603437,-461.19917052,-461.24102676,-461.24102612,-461.28007838,-461.32491381,-461.34928329,-461.40210669,-461.40333721,-461.44122137,-461.45238999,-461.45238523,-461.46763474,-461.46763171,-461.49154480,-461.49155198,-461.50531133,-461.53892471,-461.53891851,-461.58777715,-461.58780715,-461.65842940,-461.71932918,-461.77082316,-461.77090283,-461.79446998,-461.81473153,-461.84351267,-461.84351346,-461.86490939,-461.87843396,-461.89500128,-461.89507329,-461.91488777,-461.91488774,-461.92875519,-461.93932222,-461.98003100,-461.98003117,-462.01022456,-462.01929520,-462.01929627,-462.03186761,-462.03186793,-462.04563500,-462.05723071,-462.07027990,-462.07028028,-462.08074377,-462.08074451,-462.10222186,-462.10221963,-462.13050444,-462.16944415,-462.16948046,-462.18696050,-462.20118261,-462.20117929,-462.21424037,-462.21432151,-462.22171956,-462.23837618,-462.23837623,-462.25498576,-462.25498753,-462.27302417,-462.28546798,-462.29683239,-462.32300023,-462.32300099,-462.33269197,-462.33940589,-462.33940618,-462.34934239,-462.35503039,-462.36753666,-462.36934143,-462.39324137,-462.39324137,-462.41031336,-462.42650384,-462.47561472,-462.47561102,-462.50904641,-462.53236864,-462.53236894,-462.55519192,-462.55728875,-462.58268230,-462.58289313,-462.59795126,-462.60875770,-462.62739351,-462.62737781,-462.63567767,-462.63567832,-462.64156412,-462.64153190,-462.64760041,-462.65405899,-462.65405303,-462.65892297,-462.66299993,-462.66850385,-462.66849635,-462.68617567,-462.68617220,-462.69873367,-462.71108488,-462.71108491,-462.72796939,-462.72796814,-462.73928238,-462.77052526,-462.77156697,-462.79825283,-462.81254238,-462.84761312,-462.84760917,-462.85219105,-462.85554182,-462.85602113,-462.86098641,-462.86098675,-462.86503521,-462.86501993,-462.87383446,-462.87383479,-462.87788382,-462.88294240,-462.88554789,-462.88932357,-462.89395080,-462.89662894,-462.89663001,-462.90330633,-462.90329931,-462.91254644,-462.91254019,-462.91450072,-462.92124979,-462.92124981,-462.94188401,-462.94190605,-462.96591299,-462.97598917,-462.98608403,-462.99109844,-462.99361874,-462.99361847,-462.99590659,-463.00239254,-463.00296669,-463.02149287,-463.02147340,-463.04300824,-463.04300827,-463.05630967,-463.06595686,-463.06595148,-463.06965531,-463.06965820,-463.07089924,-463.07312791,-463.07836718,-463.07835739,-463.08668612,-463.08745679,-463.11400014,-463.11397917,-463.12703113,-463.12703115,-463.14330718,-463.14330719,-463.17024755,-463.17023987,-463.18498164,-463.18498234,-463.19098491,-463.19728317,-463.20017423,-463.20013788,-463.20183288,-463.20360803,-463.15494877,-463.20351595,-463.20360814,-463.26288733,-463.28754815,-463.30074533,-463.34602866,-463.38537273,-463.41932683,-463.41933666,-463.47202922,-463.47211527,-463.52679648,-463.52677315,-463.58701937,-463.58693328,-463.62858587,-463.67666447,-463.67677436,-463.72566433,-463.76083251,-463.76083273,-463.79241368,-463.79240993,-463.82475132,-463.82475120,-463.87936094,-463.88284195,-463.98221554,-463.98120047,-464.15070833,-464.22925288,-464.29110202,-464.29333138,-464.34184300,-464.40537572,-464.40720377,-464.45386601,-464.49641885,-464.49651594,-464.55654687,-464.55854143,-464.63716589,-464.64027703,-464.80056012,-464.81547520,-464.95961756,-465.07232746,-465.13453102,-465.15122673,-465.15122676,-465.16400686,-465.16406600,-465.17405506,-465.18232480,-465.18854520,-465.19285707,-465.19658855,-465.20217021,-465.20321106,-465.20321112,-465.20493569,-465.20511109,-465.20533570,-465.20821504,-465.20821320,-465.20664073,-465.21025845,-465.21025847,-465.30239833,-465.31767153,-465.32198922,-465.32364247,-465.32598840,-465.32597410,-465.32749505,-465.32935020,-465.32997550,-465.33000914,-465.33190087,-465.33192227,-465.33420128,-465.33420130,-465.33896012,-465.34196197,-465.34400262,-465.34401278,-465.34596133,-465.34597444,-465.34701491,-465.34819469,-465.34817396,-465.34918144,-465.35021331,-465.35021273,-465.35115766,-465.35299994,-465.35282989,-465.35440809,-465.35447504,-465.35557553,-465.35643130,-465.35709421,-465.35698571,-465.35766402,-465.35787807,-465.35790030,-465.35851675,-465.35917732,-465.35921416,-465.35971833,-465.35969676,-465.36054703,-465.36035312,-465.36051812,-465.36126753,-465.36082300,-465.36125796,-465.36126688,-465.36180859,-465.36295133,-465.36301098,-465.36348686,-465.36373316,-465.36396754,-465.36396507,-465.36434315,-465.36435331,-465.36478563,-465.36483441,-465.36548218,-465.36549236,-465.36612799,-465.36676603,-465.36669321,-465.36701319,-465.36809380,-465.36832630,-465.36898231,-465.36872137,-465.36898649,-465.36899274,-465.36955637,-465.37011692,-465.37125424,-465.37119827,-465.37157017,-465.37177358,-465.37188985,-465.37195159,-465.37198338,-465.37202591,-465.37202787,-465.37207110,-465.37228243,-465.37241669,-465.37254567,-465.37266937,-465.37278782,-465.37325915,-465.37340812,-465.37354809,-465.37402013,-465.37416661,-465.37429428,-465.37479722,-465.37501044,-465.37505565,-465.37508215,-465.37510735,-465.37513549,-465.37517842,-465.37518678,-465.37523365,-465.37523707,-465.37533189,-465.37534031,-465.37544204,-465.37548141,-465.37552503,-465.37553015,-465.37557844,-465.37562593,-465.37564803,-465.37566229,-465.37568424,-465.37568474,-465.37571375,-465.37571378,-465.37576000,-465.37542886,-465.37576000,-465.37576650,-465.37576957,-465.37577104,-465.37576343,-465.37576988,-465.37577266,-465.37577387,-465.37577467,-465.37556380,-465.37562885,-465.37577795,-465.37577905,-465.37560535,-465.37577851,-465.37577850,-465.37577878,-465.37575745,-465.37560462,-465.37576831,-465.37577370,-465.37577639,-465.37577772,-465.37576015,-465.37561771,-465.37577090,-465.37577583,-465.37577810,-465.37577915,-465.37577914,-465.37560962,-465.37564435,-465.37571483,-465.37574829,-465.37576433,-465.37577207,-465.37690109,-465.37727181,-465.37713378,-465.37726549,-465.37727113,-465.37727178,-465.37727188,-465.37727208,-465.37727363,-465.37727376,-465.37727376,-465.37727376,-465.37727376,-465.37863134,-465.37892159,-465.37896631,-465.37897645,-465.37884829,-465.37900051,-465.37882913,-465.37899845,-465.37899956,-465.37899804,-465.37899940,-465.37900005,-465.37900037,-465.37900052,-465.37900052,-465.37900053,-465.37900054,-465.37884748,-465.37882753,-465.37900055,-465.37886126,-465.37883815,-465.37882610,-465.37900056,-465.37908272,-465.37913478,-465.37918469,-465.37923244,-465.37927804,-465.37946248,-465.37952072,-465.37957542,-465.37958698,-465.37969651,-465.37966487,-465.37959547,-465.37974045,-465.37974744,-465.37974531,-465.37974882,-465.37975043,-465.37957618,-465.37975067,-465.37975078,-465.37964883,-465.37971998,-465.37958584,-465.37973694,-465.37974468,-465.37974828,-465.37964883,-465.37971998,-465.37958584,-465.37973694,-465.37974468,-465.37974828
structure65,switch0.1,random,-333.87884266,-338.62254581,-340.02226173,-340.24616919,-392.10925495,-392.10509549,-410.58642815,-410.63765347,-425.83394009,-425.88334411,-435.09315950,-440.86459816,-440.98112804,-444.25052444,-444.28965683,-449.52253114,-449.52861819,-453.48155416,-453.48864741,-455.39109611,-455.39197349,-456.81150645,-458.99052078,-459.01889747,-461.07241379,-461.17045248,-462.83483164,-463.96980281,-463.97342838,-464.83914489,-464.83922223,-465.56141001,-465.56144269,-465.95513064,-465.95513045,-466.56606169,-466.56621455,-466.93922249,-467.20912920,-467.20923515,-467.60054429,-467.60155278,-467.95111958,-468.24508104,-468.64521506,-468.64588642,-468.79965008,-469.00648975,-469.00649879,-469.09805643,-469.17504247,-469.17510162,-469.21898250,-469.26296741,-469.26307882,-469.31592408,-469.31600163,-469.35569178,-469.35595184,-469.39862104,-469.47084142,-469.47075465,-469.49853451,-469.53860100,-469.53866394,-469.59494375,-469.59496295,-469.67166029,-469.67170639,-469.71095068,-469.71095112,-469.73037292,-469.73037397,-469.75016150,-469.75015866,-469.77438117,-469.77466792,-469.82575240,-469.82612934,-469.86754262,-469.90885196,-469.98346462,-469.98429859,-470.02151814,-470.06338311,-470.08353512,-470.11027490,-470.11046636,-470.13556359,-470.13567429,-470.14831105,-470.14828601,-470.15690227,-470.16864909,-470.16975984,-470.17776756,-470.21260581,-470.23353706,-470.25338004,-470.27147865,-470.32739139,-470.34269545,-470.35375224,-470.37282667,-470.37689102,-470.37689276,-470.37817224,-470.37806168,-470.37828431,-470.37828437,-470.37834782,-470.37836454,-470.37835151,-470.37836814,-470.37836862,-470.37835327,-470.37837050,-470.37837079,-470.37837034,-470.37837061,-470.37837073,-470.37837079,-470.37837082,-470.37835333,-470.37837111,-470.37837122,-470.37835357,-470.37835233,-470.37837136,-470.37837138,,,,,,,,,,,,,,,,,,,,,,,,,,,,,,,,,,,,,,,,,,,,,,,,,,,,,,,,,,,,,,,,,,,,,,,,,,,,,,,,,,,,,,,,,,,,,,,,,,,,,,,,,,,,,,,,,,,,,,,,,,,,,,,,,,,,,,,,,,,,,,,,,,,,,,,,,,,,,,,,,,,,,,,,,,,,,,,,,,,,,,,,,,,,,,,,,,,,,,,,,,,,,,,,,,,,,,,,,,,,,,,,,,,,,,,,,,,,,,,,,,,,,,,,,,,,,,,,,,,,,,,,,,,,,,,,,,,,,,,,,,,,,,,,,,,,,,,,,,,,,,,,,,,,,,,,,,,,,,,,,,,,,,,,,,,,,,,,,,,,,,,,,,,,,,,,,,,,,,,,,,,,,,,,,,,,,,,,,,,,,,,,,,,,,,,,,,,,,,,,,,,,,,,,,,,,,,,,,,,,,,,,,,,,,,,,,,,,,,,,,,,,,,,,,,,,,,,,,,,,,,,,,,,,,,,,,,,,,,,,,,,,,,,,,,,,,,,
structure1,switch0.1,rattled,-475.52804166,-475.56605188,-475.56605253,-475.56731805,-475.56731825,,,,,,,,,,,,,,,,,,,,,,,,,,,,,,,,,,,,,,,,,,,,,,,,,,,,,,,,,,,,,,,,,,,,,,,,,,,,,,,,,,,,,,,,,,,,,,,,,,,,,,,,,,,,,,,,,,,,,,,,,,,,,,,,,,,,,,,,,,,,,,,,,,,,,,,,,,,,,,,,,,,,,,,,,,,,,,,,,,,,,,,,,,,,,,,,,,,,,,,,,,,,,,,,,,,,,,,,,,,,,,,,,,,,,,,,,,,,,,,,,,,,,,,,,,,,,,,,,,,,,,,,,,,,,,,,,,,,,,,,,,,,,,,,,,,,,,,,,,,,,,,,,,,,,,,,,,,,,,,,,,,,,,,,,,,,,,,,,,,,,,,,,,,,,,,,,,,,,,,,,,,,,,,,,,,,,,,,,,,,,,,,,,,,,,,,,,,,,,,,,,,,,,,,,,,,,,,,,,,,,,,,,,,,,,,,,,,,,,,,,,,,,,,,,,,,,,,,,,,,,,,,,,,,,,,,,,,,,,,,,,,,,,,,,,,,,,,,,,,,,,,,,,,,,,,,,,,,,,,,,,,,,,,,,,,,,,,,,,,,,,,,,,,,,,,,,,,,,,,,,,,,,,,,,,,,,,,,,,,,,,,,,,,,,,,,,,,,,,,,,,,,,,,,,,,,,,,,,,,,
structure2,switch0.1,rattled,-475.51707715,-475.56599689,-475.56599740,-475.56731818,-475.56731825,,,,,,,,,,,,,,,,,,,,,,,,,,,,,,,,,,,,,,,,,,,,,,,,,,,,,,,,,,,,,,,,,,,,,,,,,,,,,,,,,,,,,,,,,,,,,,,,,,,,,,,,,,,,,,,,,,,,,,,,,,,,,,,,,,,,,,,,,,,,,,,,,,,,,,,,,,,,,,,,,,,,,,,,,,,,,,,,,,,,,,,,,,,,,,,,,,,,,,,,,,,,,,,,,,,,,,,,,,,,,,,,,,,,,,,,,,,,,,,,,,,,,,,,,,,,,,,,,,,,,,,,,,,,,,,,,,,,,,,,,,,,,,,,,,,,,,,,,,,,,,,,,,,,,,,,,,,,,,,,,,,,,,,,,,,,,,,,,,,,,,,,,,,,,,,,,,,,,,,,,,,,,,,,,,,,,,,,,,,,,,,,,,,,,,,,,,,,,,,,,,,,,,,,,,,,,,,,,,,,,,,,,,,,,,,,,,,,,,,,,,,,,,,,,,,,,,,,,,,,,,,,,,,,,,,,,,,,,,,,,,,,,,,,,,,,,,,,,,,,,,,,,,,,,,,,,,,,,,,,,,,,,,,,,,,,,,,,,,,,,,,,,,,,,,,,,,,,,,,,,,,,,,,,,,,,,,,,,,,,,,,,,,,,,,,,,,,,,,,,,,,,,,,,,,,,,,,,,,,,
structure89,switch_o,random,-74.16953118,-74.58564607,-75.00104147,-76.86150604,-77.47845400,-78.09380099,-78.70754854,-79.31969821,-79.93025160,-82.65855568,-83.56096494,-84.45987142,-85.35528129,-86.24720087,-87.13563666,-91.09251067,-92.39636866,-93.69271744,-94.98158258,-96.26297114,-97.53692933,-103.18514965,-105.03656286,-106.87253940,-108.69316620,-110.49851415,-112.28869575,-119.10799291,-121.33627169,-123.54254083,-125.72708501,-127.89017587,-130.03201417,-135.74658677,-137.62269041,-139.48471124,-141.33288051,-143.16717953,-144.98782378,-150.17837375,-151.88804839,-153.58733977,-155.27704015,-156.95650546,-158.62631305,-163.41780281,-165.00020762,-166.57509360,-168.14278317,-169.70313127,-171.25668947,-175.91301950,-177.45323977,-178.98761582,-180.51622622,-182.03914734,-183.55625903,-187.83015787,-189.24622078,-190.65791766,-192.06563669,-193.46923874,-194.86875777,-198.98018137,-200.34353982,-201.70342534,-203.05985110,-204.41265348,-205.76219157,-209.72568866,-211.04078338,-212.35283610,-213.66182099,-214.96776813,-216.27064815,-220.10034329,-221.37125435,-222.63936427,-223.90463222,-225.16686011,-226.42619867,-230.12743668,-231.35575702,-232.58134265,-233.80396694,-235.02380987,-236.24116701,-239.81417737,-240.99994066,-242.18299006,-243.36326628,-244.54074752,-245.71535330,-249.15900991,-250.30147710,-251.44116551,-252.57803025,-253.71218146,-254.84326109,-258.15378022,-259.25174984,-260.34669818,-261.43890843,-262.52819557,-263.61449143,-266.78787278,-267.84004782,-268.88930369,-269.93559129,-270.97903603,-272.01906300,-275.11615445,-276.14243660,-277.16559433,-278.18557487,-279.20232497,-280.21577174,-283.09849989,-284.05350289,-285.00546511,-285.95433738,-286.90007014,-287.84261346,-290.58167554,-291.48866864,-292.39256752,-293.29349882,-294.19106303,-295.08538560,-297.67552491,-298.53274961,-299.38684660,-300.23741809,-301.08529121,-301.92971680,-304.36922365,-305.17625091,-305.98012979,-306.78081329,-307.57825406,-308.37259899,-310.66039207,-311.41729833,-312.17069997,-312.92090092,-313.66785510,-314.41134120,-316.54812037,-317.25437078,-317.95728110,-318.65682625,-319.35331172,-320.04669300,-322.03200975,-322.68780029,-323.34047168,-323.98998162,-324.63628752,-325.27934653,-327.11560654,-327.72168185,-328.32468557,-328.92457777,-329.52112411,-330.11484774,-331.80434053,-332.36180212,-332.91626397,-333.46768913,-334.01586500,-334.56092912,-336.17117612,-336.70173462,-337.22913491,-337.75333891,-338.27448343,-338.79218005,-340.19009449,-340.65072936,-341.10861809,-342.45298480,-342.89565895,-343.33538654,-344.59753563,-345.01307994,-345.42596601,-346.61125188,-347.00134119,-347.38888895,-348.50063826,-348.86645934,-349.22986520,-350.27196742,-350.61482560,-350.95540238,-351.93171515,-352.25297888,-352.57210054,-353.48699348,-353.78807472,-354.08715656,-354.94499412,-355.22732486,-355.50780003,-356.33756237,-356.61059392,-356.88180102,-357.63548375,-357.88359432,-358.13016231,-358.84099774,-359.07515492,-359.30787822,-359.97844286,-360.19937277,-360.41899815,-375.47996877,-377.37425436,-377.44748323,-402.36285960,-402.33200699,-409.36998562,-409.37088794,-416.31250564,-416.77156510,-421.24794267,-424.08141930,-425.65777718,-425.65778352,-427.43116739,-427.43111107,-429.54523354,-429.54621035,-431.71551550,-432.50903435,-433.05764572,-433.36363739,-437.38619517,-437.37680758,-440.59416315,-441.92873603,-442.88951569,-442.88987241,-443.88782511,-443.89580259,-444.72220765,-444.80110823,-445.44187563,-445.44270219,-445.86529001,-445.94437992,-446.95688777,-447.24961552,-447.40663817,-449.09919975,-451.30478041,-451.32139089,-453.32840941,-453.32509789,-455.07416595,-456.49716392,-456.65147897,-457.55878073,-458.49829708,-458.50111597,-459.10281444,-459.57145860,-459.69010052,-459.70063214,-460.18690477,-460.19218383,-460.64450646,-461.15143504,-461.29246130,-461.34853934,-461.73736003,-462.15350650,-462.24409504,-462.54866363,-462.84439809,-462.84466431,-463.04159409,-463.04159429,-463.16596327,-463.29402459,-463.34566227,-463.37133365,-463.49660755,-463.63902403,-463.69725963,-463.74319102,-463.82270129,-463.95621996,-464.00327884,-464.02927816,-464.16719899,-464.29962954,-464.34759770,-464.37129693,-464.59644897,-464.82642835,-464.88930167,-464.92779626,-465.02470585,-465.08884821,-465.10885994,-465.11183596,-465.18943987,-465.33466801,-465.38455682,-465.42036482,-465.68248830,-465.99446884,-466.04791646,-466.53324831,-466.90510982,-467.13399793,-467.14137860,-467.24785425,-467.31925695,-467.40662688,-467.44169502,-467.46226950,-467.59084928,-467.70150898,-467.71076393,-467.79258892,-467.86444254,-467.86445739,-467.99735333,-468.03153155,-468.06032276,-468.18085856,-468.21869928,-468.25243135,-468.39093202,-468.43370222,-468.47276680,-468.62291683,-468.66615572,-468.69857467,-468.79816899,-468.82019138,-468.91125226,-468.92971496,-468.99370973,-469.00921312,-469.05711619,-469.06873881,-469.10688107,-469.11663776,-469.12494749,-469.15181516,-469.15905904,-469.16537420,-469.17940190,-469.18391116,-469.18827829,-469.20246921,-469.20745968,-469.21186316,-469.21587386,-469.21686507,-469.22151298,-469.22288847,-469.22408947,-469.22941221,-469.23145030,-469.23339376,-469.23491008,-469.24199499,-469.24423986,-469.24656027,-469.25536465,-469.25854102,-469.26159098,-469.26469048,-469.27796746,-469.28219619,-469.28642630,-469.30332870,-469.30965823,-469.31553309,-469.32288103,-469.32804417,-469.35221491,-469.35907950,-469.36562681,-469.39496346,-469.40310065,-469.40894098,-469.43206644,-469.43665059,-469.46673175,-469.47402968,-469.57060728,-469.60020060,-469.62747511,-469.70692991,-469.73202267,-469.75643643,-469.87573955,-469.90849041,-469.93697635,-469.98386056,-470.07638155,-470.09191317,-470.11330050,-470.14997716,-470.15691377,-470.15888676,-470.16064404,-470.16666562,-470.16836124,-470.17000850,-470.17429171,-470.17519189,-470.17739651,-470.17801232,-470.17855029,-470.17998063,-470.18038642,-470.18076029,-470.18190161,-470.18241646,-470.18258766,-470.18406924,-470.18454519,-470.18520761,-470.18569199,-470.18592112,-470.18596593,-470.18610514,-470.18614773,-470.18618497,-470.18633900,-470.18638629,-470.18642837,-470.18661340,-470.18667396,-470.18672813,-470.18696507,-470.18704570,-470.18711895,-470.18728152,-470.18718983,-470.18729334,-470.18731884,-470.18731916,-470.18715957,-470.18732446,-470.18732703,-470.18732828,-470.18732888,-470.18731862,-470.18715713,-470.18732409,-470.18732677,-470.18732808,-470.18731862,-470.18715713,-470.18732409,-470.18732677,-470.18732808,,,,,,,,,,,,,,,,,,,,,,,,,,,,,,,,,,,,,,,,,,,,,,,,,,,,,,,,,,,,,,,,,,,,,,,,,,,,,,,,,,,,,,,,,,,,,,,,,,,,,,,,,,,,,,,,,,,,,,,,,,,,,,,,,,,,,,,,,,,,,,,,,,,,,,,,,,,,,,,,,
structure57,switch_o,random,-47.51362827,-48.03243371,-48.55038379,-49.06747921,-49.58372068,-50.09910889,-52.40789863,-53.17369005,-53.93758300,-54.69957999,-55.45968353,-56.21789615,-59.60679773,-60.72804365,-61.84511044,-62.95800716,-64.06674295,-65.17130783,-70.09127951,-71.71285587,-73.32545937,-74.92912318,-76.52374659,-78.10944104,-85.13874324,-87.44312402,-89.72832422,-91.99448900,-94.24170779,-96.47012961,-102.55562849,-104.55394480,-106.53732210,-108.50588620,-110.45976388,-112.39881198,-117.85416305,-119.64821699,-121.42966974,-123.19896575,-124.95637344,-126.70146246,-131.62914868,-133.25183329,-134.86409801,-136.46619781,-138.05891179,-139.64161894,-144.13800354,-145.61977716,-147.09355805,-148.55884807,-150.01610161,-151.46518947,-155.77257753,-157.19258607,-158.60497771,-160.00981295,-161.40750155,-162.79792776,-166.60846624,-167.86681097,-169.11927909,-170.36589309,-171.60669431,-172.84172369,-176.40910051,-177.58791635,-178.76125431,-179.93002239,-181.09372757,-182.25240205,-185.59647860,-186.70228557,-187.80343065,-188.90007567,-189.99230325,-191.08015703,-194.22797468,-195.26919841,-196.30640184,-197.33964241,-198.36899639,-199.39432838,-202.36678078,-203.35041161,-204.33044430,-205.30693118,-206.27984743,-207.24922552,-210.06317600,-210.99464343,-211.92283792,-212.84778856,-213.76948568,-214.68795778,-217.35713163,-218.24083818,-219.12155700,-219.99929478,-220.87425221,-221.74606619,-224.28158974,-225.12137180,-225.95840647,-226.79248461,-227.62382342,-228.45258246,-230.86381239,-231.66237501,-232.45837717,-233.25180190,-234.04265132,-234.83110243,-237.18005757,-237.95779404,-238.73299596,-239.50583932,-240.27628607,-241.04386966,-243.22451602,-243.94668596,-244.66676256,-245.38457050,-246.10010976,-246.81337957,-248.89364724,-249.58278267,-250.26924561,-250.95408547,-251.63677557,-252.31731490,-254.29756033,-254.95437940,-255.60900996,-256.26125702,-256.91199384,-257.56051873,-259.45051060,-260.07677605,-260.70109538,-261.32333059,-261.94223683,-262.55903749,-264.36172182,-264.95897286,-265.55439603,-266.14798963,-266.73975191,-267.32950616,-269.04840596,-269.61811061,-270.18590590,-270.75175246,-271.31601714,-271.87875591,-273.51882629,-274.06216052,-274.60406274,-275.14416207,-275.68255501,-276.21937458,-277.78423465,-278.30299783,-278.81998698,-279.33562714,-279.84970320,-280.36221355,-281.85657458,-282.35163702,-282.84556982,-284.32935517,-284.82104921,-285.31124789,-286.73222659,-287.20299218,-287.67077960,-289.05221294,-289.50968183,-289.96616283,-291.30863320,-291.75362175,-292.19694964,-293.50229152,-293.93487697,-294.36617711,-295.63497661,-296.05504175,-296.47407948,-297.70790488,-298.11678545,-298.52466173,-299.72291860,-300.12080687,-300.51718834,-301.68506924,-302.07222857,-302.45829040,-303.59315930,-303.96837110,-304.34408148,-305.46501641,-305.83651111,-306.20695883,-307.28232320,-307.63921954,-307.99495893,-309.04373663,-309.39150154,-309.73814456,-310.75968057,-311.09830484,-311.43621103,-312.43210060,-312.76228798,-313.09159651,-314.06238742,-314.38429888,-314.70516997,-315.65148804,-315.96523997,-316.27835185,-317.20142867,-317.50729972,-317.81275549,-318.71378704,-319.01262652,-319.31071030,-320.19021545,-320.48173521,-320.77272176,-321.64098173,-321.92906642,-322.21645365,-323.05443587,-323.33254646,-323.60963375,-324.42904449,-324.70070932,-324.97188128,-325.77279143,-326.03849991,-326.30342833,-327.08657884,-327.34642685,-327.60567370,-328.37136271,-328.62537700,-328.87881297,-329.62814061,-329.87651773,-330.12470713,-330.85826799,-331.10142425,-331.34439434,-332.06250896,-332.30079610,-332.53874181,-333.24231219,-333.47591876,-333.70883405,-334.40508380,-334.63624876,-334.86675038,-335.54235794,-335.76652886,-335.99041410,-336.65308298,-336.87314304,-337.09254583,-337.74274211,-337.95863167,-338.17409355,-338.81197180,-339.02382588,-339.23528717,-358.61199843,-373.58901180,-384.92277789,-392.93683775,-397.98094927,-400.39646799,-430.37751354,-432.84266142,-432.88926752,-440.90589961,-441.43179719,-441.44102696,-445.05179748,-447.12415645,-448.31814382,-448.55705426,-449.91953442,-450.30527553,-450.61073058,-452.55393190,-452.93053655,-455.90864769,-456.72728352,-457.43462500,-458.01973291,-458.46563122,-461.51770851,-461.94672164,-462.98559670,-463.23242198,-463.83695718,-463.98539924,-464.54717011,-464.68673725,-465.18644672,-465.31513498,-465.42566419,-466.03926240,-466.18965037,-466.38925274,-466.41686254,-466.79485232,-466.91248042,-467.02570838,-467.15123143,-467.17983236,-467.39136861,-467.45128288,-467.50603230,-467.74762917,-467.81320582,-467.87036787,-468.22584168,-468.32509364,-468.41436468,-468.70941589,-468.79138005,-468.86565125,-468.94757779,-468.97401326,-469.00003331,-469.14086785,-469.18040712,-469.21623878,-469.37494026,-469.42984205,-469.48235523,-469.69308367,-469.76729709,-469.83620171,-470.08665493,-470.16749093,-470.23711621,-470.46285402,-470.51697492,-470.67449941,-470.71129735,-470.82114250,-470.84447686,-470.91806410,-470.93799362,-470.95533482,-471.02827401,-471.04651263,-471.06354223,-471.10762488,-471.11860806,-471.12817631,-471.13043976,-471.14128209,-471.14604325,-471.15072635,-471.15533123,-471.17390715,-471.18034404,-471.18685340,-471.19322096,-471.22029068,-471.22916307,-471.23783464,-471.27112090,-471.28306640,-471.29472975,-471.30574968,-471.35190675,-471.36641526,-471.37953971,-471.42925007,-471.44435773,-471.45653636,-471.49077763,-471.49915535,-471.53425756,-471.54449710,-471.55379099,-471.60236941,-471.61630604,-471.62909730,-471.65005814,-471.65620059,-471.66195171,-471.68565872,-471.69383679,-471.70142287,-471.73015133,-471.74010574,-471.74956586,-471.78335087,-471.79463400,-471.80485304,-471.83857283,-471.84822175,-471.85678845,-471.89421123,-471.90459417,-471.91403475,-471.96315519,-471.97935281,-471.99386348,-472.05753742,-472.07055418,-472.10497242,-472.11413343,-472.12263630,-472.20791015,-472.23176921,-472.25257791,-472.33167826,-472.35507667,-472.37695900,-472.44835470,-472.46910373,-472.48675217,-472.50826646,-472.51516410,-472.51962056,-472.52503522,-472.52632254,-472.52835389,-472.52882691,-472.52950845,-472.52968209,-472.52982904,-472.53000274,-472.53004698,-472.53008442,-472.53012849,-472.53013970,-472.53014918,-472.53016024,-472.53016306,-472.53016543,-472.53016818,-472.53016940,-472.53017010,,,,,,,,,,,,,,,,,,,,,,,,,,,,,,,,,,,,,,,,,,,,,,,,,,,,,,,,,,,,,,,,,,,,,,,,,,,,,,,,,,,,,,,,,,,,,,,,,,,,,,,,,,,,,,,,,,,,,,,,,,,,,,,,,,,,,,,,,,,,,,,,,,,,,,,,,,,,,,,,,,,,,,,,,,,,,,
structure4,switch_o,random,-54.24922626,-54.54706330,-54.84457165,-56.17932646,-56.62277944,-57.06550151,-59.04882264,-59.70668702,-60.36293598,-61.01757305,-61.67060183,-62.32202591,-65.23423717,-66.19795647,-67.15818652,-68.11493920,-69.06822644,-70.01806024,-74.25167829,-75.64800570,-77.03695441,-78.41854381,-79.79285105,-81.15985733,-86.48060898,-88.23067110,-89.96909471,-91.69595917,-93.41132471,-95.11530922,-99.81029462,-101.35716971,-102.89483777,-104.42350847,-105.94341073,-107.45424868,-111.76548652,-113.18714712,-114.60114363,-116.00772980,-117.40657704,-118.79789976,-122.77163379,-124.08307418,-125.38799563,-126.68642777,-127.97838082,-129.26409780,-133.08795189,-134.35054626,-135.60687793,-136.85714616,-138.10120026,-139.33941398,-142.75262308,-143.88049366,-145.00348580,-146.12159549,-147.23483783,-148.34322771,-151.54595211,-152.60461981,-153.65891060,-154.70883534,-155.75440476,-156.79545451,-159.79906026,-160.79238401,-161.78176528,-162.76724998,-163.74882611,-164.72648167,-167.55153553,-168.48610498,-169.41712503,-170.34460046,-171.26836095,-172.18876122,-174.85151536,-175.73261919,-176.61048736,-177.48529766,-178.35670279,-179.22488025,-181.73908754,-182.57121402,-183.40054640,-184.22673597,-185.05013396,-185.87039128,-188.24781856,-189.03481402,-189.81906950,-190.60058502,-191.37936053,-192.15539594,-194.40641650,-195.15161351,-195.89426987,-196.63438472,-197.37197638,-198.10700542,-200.24015186,-200.94647501,-201.65043285,-202.35202384,-203.05124640,-203.74809892,-205.82415064,-206.51151874,-207.19638380,-207.87926862,-208.55966558,-209.23770856,-211.15303820,-211.78736920,-212.41981522,-213.05002398,-213.67818725,-214.30426421,-216.12631187,-216.72979037,-217.33132925,-217.93092591,-218.52857775,-219.12428213,-220.85583057,-221.42954424,-222.00125955,-222.57114875,-223.13920911,-223.70543791,-225.35211911,-225.89753109,-226.44122665,-226.98320303,-227.52345744,-228.06198712,-229.62844056,-230.14736057,-230.66448872,-231.18036641,-231.69442750,-232.20703839,-233.69820813,-234.19216794,-234.68460388,-236.14409207,-236.62760437,-237.10962023,-238.52484167,-238.99369001,-239.46111666,-240.83411231,-241.28920432,-241.74271407,-243.09485015,-243.54281518,-243.98940235,-245.28137697,-245.70947181,-246.13628094,-247.39117394,-247.80703980,-248.22160902,-249.44018728,-249.84400901,-250.24663829,-251.43031366,-251.82259111,-252.21372128,-253.36384765,-253.74502312,-254.12509520,-255.24295042,-255.61345379,-255.98307161,-257.06991824,-257.43016793,-257.78939828,-258.84645811,-259.19685905,-259.54628091,-260.57472518,-260.91567190,-261.25567864,-262.27014932,-262.60645785,-262.94183950,-263.91583287,-264.23877421,-264.56085153,-265.51001999,-265.82476905,-266.13866992,-267.06362865,-267.37037041,-267.67631787,-268.57833116,-268.87742659,-269.17576126,-270.05544947,-270.34722623,-270.63827472,-271.49710008,-271.78187514,-272.06595334,-272.90402608,-273.18210607,-273.45951954,-274.27835326,-274.55003310,-274.82107572,-275.62141421,-275.88697888,-276.15193458,-276.94333587,-277.20594909,-277.46796718,-278.23352870,-278.48737551,-278.74084234,-279.49032015,-279.73908844,-279.98732658,-280.72142601,-280.96529165,-281.20847632,-281.92791157,-282.16693501,-282.40530067,-283.11074461,-283.34497349,-283.57874163,-284.27101604,-284.50083902,-284.73022244,-305.71691190,-321.53269866,-332.59744292,-338.82347825,-340.17961106,-340.18944770,-360.73913408,-361.22958725,-373.72854546,-373.80481750,-380.06187376,-380.43497645,-389.38012291,-393.72334081,-397.33041378,-400.15154688,-402.12486065,-403.18215082,-412.15249463,-419.13587657,-425.96914468,-428.86918494,-430.74630333,-431.43852757,-431.43567558,-435.42871147,-435.48867437,-442.61387978,-443.18753075,-443.26168470,-446.20019648,-446.57711451,-448.28901931,-449.55592474,-449.55579450,-450.40107152,-450.48981629,-450.92914155,-450.95335850,-451.65229492,-451.83748125,-451.97618384,-452.32593123,-452.66712721,-452.69025836,-453.06747047,-453.17021355,-453.23715758,-453.70561112,-454.34876023,-454.51236800,-454.61556210,-455.07648205,-455.40661451,-455.41001186,-455.63607844,-455.75413216,-455.79287486,-455.83127572,-455.98580473,-456.03390025,-456.08024798,-456.26763334,-456.32201458,-456.37222142,-456.60349220,-456.68157740,-456.75569048,-457.04092729,-457.13867678,-457.22064635,-457.53048030,-457.60228044,-457.81778158,-457.86752865,-458.10887387,-458.17801808,-458.23302199,-458.54262089,-458.62304797,-458.67406919,-458.96944137,-459.04687733,-459.11040391,-459.61041008,-459.71487441,-460.17616217,-460.26794351,-460.47535805,-460.53910709,-460.59926452,-460.86643589,-460.92851723,-461.14585454,-461.25864237,-461.29146586,-461.31844758,-461.43737004,-461.47224385,-461.50242133,-461.59513289,-461.61702524,-461.68400263,-461.69741678,-461.74907173,-461.76044929,-461.79805976,-461.80849351,-461.81764440,-461.86646345,-461.88235925,-461.89675183,-461.96994228,-461.99549470,-462.01959996,-462.13068655,-462.17194194,-462.21168874,-462.24993604,-462.30934605,-462.32596160,-462.34099820,-462.42043403,-462.44728438,-462.47272894,-462.57426480,-462.61002119,-462.64342237,-462.77160282,-462.81665981,-462.85858965,-463.02302321,-463.07991672,-463.13147486,-463.33297076,-463.39420450,-463.44202431,-463.59332510,-463.62666330,-463.77577978,-463.81460883,-463.84779606,-464.06409374,-464.12244854,-464.17301817,-464.41463844,-464.47972726,-464.53689715,-464.95253012,-465.07965823,-465.20067971,-465.64088737,-465.78139255,-465.90642864,-466.09596751,-466.13828902,-466.43847352,-466.49883287,-466.68664536,-466.72943638,-466.73436664,-466.74546426,-466.74841544,-466.75041861,-466.76160167,-466.76497425,-466.76820580,-466.78210266,-466.78704219,-466.79168314,-466.81121483,-466.81860974,-466.82591237,-466.83341610,-466.86859214,-466.88142614,-466.89387782,-466.90624283,-466.96331479,-466.97975419,-466.99389141,-467.13154794,-467.16040582,-467.25803671,-467.26289630,-467.28618459,-467.33738063,-467.35109541,-467.36411526,-467.43751839,-467.45555709,-467.47685481,-467.48104346,-467.49784879,-467.50263472,-467.50681482,-467.52721867,-467.53424022,-467.54085423,-467.56850549,-467.57854779,-467.58860130,-467.59797642,-467.64275356,-467.65787803,-467.67207819,-467.73163134,-467.75211514,-467.77276975,-467.78960644,-467.86093585,-467.87650185,-467.91512151,-467.92560951,-467.93481532,-467.99363371,-468.00928518,-468.02232351,-468.08154493,-468.09574264,-468.15973251,-468.17922104,-468.19813649,-468.26769962,-468.28851830,-468.30547985,-468.35284934,-468.36141221,-468.39369574,-468.39984899,-468.43101284,-468.43891734,-468.44530662,-468.47633575,-468.48343393,-468.50015264,-468.50196202,-468.52973548,-468.53618457,-468.56236611,-468.56449597,-468.58192022,-468.58726473,-468.58868648,-468.58967327,-468.59226737,-468.59305124,-468.59370079,-468.59517200,-468.59550300,-468.59621778,-468.59654732,-468.59662770,-468.59689860,-468.59695190,-468.59696495,-468.59697899,-468.59698232,-468.59699326,-468.59682022,-468.59699326,-468.59699392,-468.59699399,-468.59699409,-468.59681955,-468.59699413,-468.59699412,-468.59699388,-468.59699400,-468.59699407,-468.59699388,-468.59699400,-468.59699407,,,,,,,,,,,,,,,,,,,,,,,,,,,,,,,,,,,,,,,,,,,,,,,,,,,,,,,,,,,,,,,,,,,,,,,,,,,,,,,,,,,,,,,,,,,,,,,,,,,,,,,,,,,,,,,,,,,
structure65,switch_o,random,-231.10709624,-231.42324963,-231.73875495,-232.05361285,-233.46260203,-233.92939802,-234.39476421,-236.47159206,-237.15757041,-237.84039337,-238.52010703,-239.19664221,-239.86996828,-242.79917553,-243.76285746,-244.72016378,-245.67106069,-246.61580244,-247.55418241,-250.12957687,-250.97796201,-251.82134346,-252.65977755,-253.49318613,-254.32168333,-256.68605497,-257.46555842,-258.24079597,-259.01176350,-259.77845692,-260.54092983,-262.71738174,-263.43545840,-264.14985884,-264.86061494,-265.56772009,-266.27116776,-268.28641335,-268.95174477,-269.61389175,-270.27253450,-270.92836457,-271.58069266,-273.45472947,-274.07383520,-274.69033443,-275.30423598,-275.91519878,-276.52358176,-278.33377402,-278.93202356,-279.52747977,-280.12050132,-280.71090220,-281.29837950,-282.93162840,-283.47113499,-284.00848961,-284.54544808,-285.08026473,-285.61277121,-287.15705174,-287.66770256,-288.17676841,-288.68390465,-289.18911688,-289.69206098,-291.15027941,-291.63268858,-292.11353346,-293.53707605,-294.00830334,-294.47784320,-295.85355439,-296.30897744,-296.76283387,-298.09389736,-298.53462155,-298.97387041,-300.26282209,-300.68968321,-301.11515236,-302.36436334,-302.77809270,-303.19052568,-304.40213219,-304.80349330,-305.20362805,-306.39669154,-306.79196337,-307.18600006,-308.32721024,-308.70539090,-309.08245173,-310.19217297,-310.55992087,-310.92658369,-312.00567742,-312.36335076,-312.71993236,-313.76993649,-314.11803396,-314.46516377,-315.48745692,-315.82639949,-316.16441842,-317.16029021,-317.49046974,-317.81976673,-318.79034612,-319.11214632,-319.43314075,-320.37949984,-320.69331800,-321.00634705,-321.92950808,-322.23566119,-322.54105886,-323.45265172,-323.75500214,-324.05659166,-324.93552075,-325.22712607,-325.51801879,-326.37670999,-326.66163093,-326.94584758,-327.78500787,-328.06341947,-328.34115318,-329.16140300,-329.43353553,-329.70505352,-330.50710467,-330.77305617,-331.03855344,-331.82288760,-332.08301727,-332.34275347,-333.11033809,-333.36487505,-333.61868990,-334.36946978,-334.61878945,-334.86740674,-335.60259765,-335.84671344,-336.09014575,-336.81765784,-337.05918367,-337.30018929,-338.00542502,-338.23958159,-338.47324595,-339.16463458,-339.39395523,-339.62281924,-340.30032714,-340.52512995,-340.74964736,-341.41391699,-341.63433042,-341.85429832,-361.98990499,-377.77170842,-390.12795170,-399.30984986,-405.47957554,-408.74316022,-417.15776086,-418.05450022,-418.16225197,-429.84454376,-432.29693741,-433.86981970,-434.44371080,-434.44324072,-438.25454267,-441.59518936,-441.76010088,-444.10603746,-446.02889395,-446.53270693,-446.67700652,-450.50563689,-451.22771623,-451.60998850,-454.57708149,-456.59621012,-457.16722466,-457.60016792,-459.49878172,-459.84946395,-461.64090016,-461.92936054,-462.99381443,-463.23802983,-463.94141231,-464.08210116,-464.71061561,-464.86092127,-465.12881472,-465.18705725,-465.51975580,-465.60521247,-465.67767748,-466.13990026,-466.25409809,-466.52849508,-466.59689461,-466.90130005,-466.99152444,-467.07581795,-467.43932092,-467.56163996,-467.67540496,-468.09087568,-468.21607922,-468.31488924,-468.55329345,-468.61108714,-468.81065040,-468.86139253,-468.90359530,-469.09379881,-469.13738455,-469.26846860,-469.30172662,-469.32994395,-469.42763750,-469.45253706,-469.47370212,-469.54328411,-469.56179238,-469.57776425,-469.64585648,-469.66413106,-469.67994762,-469.76641535,-469.79383434,-469.82098272,-469.91969023,-469.95430009,-469.98757944,-470.10131083,-470.14103695,-470.17784026,-470.29609538,-470.33367021,-470.36436863,-470.40903169,-470.42039490,-470.42927029,-470.44164058,-470.44497031,-470.44750015,-470.45272919,-470.45354304,-470.45595524,-470.45668146,-470.45700681,-470.45692527,-470.45701520,-470.45686161,-470.45701293,-470.45701557,-470.45701557,-470.45701557,,,,,,,,,,,,,,,,,,,,,,,,,,,,,,,,,,,,,,,,,,,,,,,,,,,,,,,,,,,,,,,,,,,,,,,,,,,,,,,,,,,,,,,,,,,,,,,,,,,,,,,,,,,,,,,,,,,,,,,,,,,,,,,,,,,,,,,,,,,,,,,,,,,,,,,,,,,,,,,,,,,,,,,,,,,,,,,,,,,,,,,,,,,,,,,,,,,,,,,,,,,,,,,,,,,,,,,,,,,,,,,,,,,,,,,,,,,,,,,,,,,,,,,,,,,,,,,,,,,,,,,,,,,,,,,,,,,,,,,,,,,,,,,,,,,,,,,,,,,,,,,,,,,,,,,,,,,,,,,,,,,,,,,,,,,,,,,,,,,,,,,,,,,,,,,,,,,,,
structure1,switch_o,rattled,-475.47610609,-475.50146215,-475.52276742,-475.54616909,-475.55207328,-475.55702094,-475.56234689,-475.56369801,-475.56483615,-475.56611051,-475.56643462,-475.56670829,-475.56702038,-475.56709985,-475.56716703,-475.56724427,-475.56726395,-475.56728060,-475.56729981,-475.56730471,-475.56730885,-475.56731365,-475.56731487,-475.56731590,-475.56731710,-475.56731768,-475.56731797,-475.56731811,,,,,,,,,,,,,,,,,,,,,,,,,,,,,,,,,,,,,,,,,,,,,,,,,,,,,,,,,,,,,,,,,,,,,,,,,,,,,,,,,,,,,,,,,,,,,,,,,,,,,,,,,,,,,,,,,,,,,,,,,,,,,,,,,,,,,,,,,,,,,,,,,,,,,,,,,,,,,,,,,,,,,,,,,,,,,,,,,,,,,,,,,,,,,,,,,,,,,,,,,,,,,,,,,,,,,,,,,,,,,,,,,,,,,,,,,,,,,,,,,,,,,,,,,,,,,,,,,,,,,,,,,,,,,,,,,,,,,,,,,,,,,,,,,,,,,,,,,,,,,,,,,,,,,,,,,,,,,,,,,,,,,,,,,,,,,,,,,,,,,,,,,,,,,,,,,,,,,,,,,,,,,,,,,,,,,,,,,,,,,,,,,,,,,,,,,,,,,,,,,,,,,,,,,,,,,,,,,,,,,,,,,,,,,,,,,,,,,,,,,,,,,,,,,,,,,,,,,,,,,,,,,,,,,,,,,,,,,,,,,,,,,,,,,,,,,,,,,,,,,,,,,,,,,,,,,,,,,,,,,,,,,,,,,,,,,,,,,,,,,,,,,,,,,,,,,,,,,,,,,,,,,,,,,,,,,,,,,,,,,,,,,,,,,,,,,,,,,
structure2,switch_o,rattled,-475.47596812,-475.50136323,-475.52270119,-475.54613802,-475.55205103,-475.55700606,-475.56233974,-475.56369281,-475.56483260,-475.56610878,-475.56643336,-475.56670742,-475.56701996,-475.56709954,-475.56716681,-475.56724417,-475.56726388,-475.56728054,-475.56729979,-475.56730469,-475.56730884,-475.56731364,-475.56731486,-475.56731590,-475.56731709,-475.56731768,-475.56731797,-475.56731811,,,,,,,,,,,,,,,,,,,,,,,,,,,,,,,,,,,,,,,,,,,,,,,,,,,,,,,,,,,,,,,,,,,,,,,,,,,,,,,,,,,,,,,,,,,,,,,,,,,,,,,,,,,,,,,,,,,,,,,,,,,,,,,,,,,,,,,,,,,,,,,,,,,,,,,,,,,,,,,,,,,,,,,,,,,,,,,,,,,,,,,,,,,,,,,,,,,,,,,,,,,,,,,,,,,,,,,,,,,,,,,,,,,,,,,,,,,,,,,,,,,,,,,,,,,,,,,,,,,,,,,,,,,,,,,,,,,,,,,,,,,,,,,,,,,,,,,,,,,,,,,,,,,,,,,,,,,,,,,,,,,,,,,,,,,,,,,,,,,,,,,,,,,,,,,,,,,,,,,,,,,,,,,,,,,,,,,,,,,,,,,,,,,,,,,,,,,,,,,,,,,,,,,,,,,,,,,,,,,,,,,,,,,,,,,,,,,,,,,,,,,,,,,,,,,,,,,,,,,,,,,,,,,,,,,,,,,,,,,,,,,,,,,,,,,,,,,,,,,,,,,,,,,,,,,,,,,,,,,,,,,,,,,,,,,,,,,,,,,,,,,,,,,,,,,,,,,,,,,,,,,,,,,,,,,,,,,,,,,,,,,,,,,,,,,,,,,,,
structure89,switch0.5,random,-278.39027088,-740.56857372,-210.16189622,-1682.88378035,-37162.90748606,-19558.49196144,-37470.13430801,-2988.94930753,-49144.80163844,-56199.88382900,-60808.44289677,-60801.42106483,-inf,-3477062.55339872,-inf,-inf,-inf,-inf,-inf,-inf,-inf,-inf,-inf,-inf,-inf,-inf,-inf,-inf,-inf,-inf,-inf,-inf,-inf,-inf,-inf,-inf,-inf,-inf,-inf,-inf,-inf,-inf,-inf,-inf,-inf,-inf,-inf,-inf,-inf,-inf,-inf,-inf,-inf,-inf,-inf,-inf,-inf,,,,,,,,,,,,,,,,,,,,,,,,,,,,,,,,,,,,,,,,,,,,,,,,,,,,,,,,,,,,,,,,,,,,,,,,,,,,,,,,,,,,,,,,,,,,,,,,,,,,,,,,,,,,,,,,,,,,,,,,,,,,,,,,,,,,,,,,,,,,,,,,,,,,,,,,,,,,,,,,,,,,,,,,,,,,,,,,,,,,,,,,,,,,,,,,,,,,,,,,,,,,,,,,,,,,,,,,,,,,,,,,,,,,,,,,,,,,,,,,,,,,,,,,,,,,,,,,,,,,,,,,,,,,,,,,,,,,,,,,,,,,,,,,,,,,,,,,,,,,,,,,,,,,,,,,,,,,,,,,,,,,,,,,,,,,,,,,,,,,,,,,,,,,,,,,,,,,,,,,,,,,,,,,,,,,,,,,,,,,,,,,,,,,,,,,,,,,,,,,,,,,,,,,,,,,,,,,,,,,,,,,,,,,,,,,,,,,,,,,,,,,,,,,,,,,,,,,,,,,,,,,,,,,,,,,,,,,,,,,,,,,,,,,,,,,,,,,,,,,,,,,,,,,,,,,,,,,,,,,,,,,,,,,,,,,,,,,,,,,,,,,,,,,,,,,,,,,,,,,,,,,,,,,
structure57,switch0.5,random,-287.03404440,-314.48515249,-314.41575039,-379.91588132,-379.91549646,-415.52115264,-416.29538504,-416.41812379,-437.37092697,-437.38732200,-442.12422413,-442.14244666,-445.79577918,-448.19755165,-448.20507453,-451.13930305,-451.15649231,-453.36400562,-454.06639445,-455.04353402,-455.05496181,-455.84693844,-455.84770630,-456.58266993,-457.94678013,-457.96740162,-459.38395041,-459.38811924,-460.52884564,-461.06834619,-462.27870193,-462.31323308,-463.50075329,-463.50083454,-464.04814918,-464.50823893,-464.50997212,-465.18661408,-465.19041742,-465.55659247,-465.71690687,-465.71682964,-465.83807285,-465.99315130,-466.17788573,-466.17794001,-466.47339761,-466.47477232,-466.81042907,-466.83334618,-467.11587330,-467.40934542,-467.40948003,-467.58799026,-467.93806713,-467.93818342,-468.29116306,-468.30156168,-468.79348367,-468.81626219,-469.17816405,-469.43483255,-469.43493058,-469.73182637,-469.73319101,-470.21497257,-470.21494636,-470.60354790,-470.83672261,-471.00965127,-471.00977147,-471.27809673,-471.27699196,-471.40380739,-471.49755618,-471.55010176,-471.55012389,-471.60163745,-471.60172770,-471.65314000,-471.65321230,-471.69299284,-471.69284586,-471.74795352,-471.74823061,-471.85192376,-471.87894197,-471.88073745,-472.04424588,-472.04086362,-472.22760680,-472.34438147,-472.34438096,-472.39624988,-472.52351256,-472.52312399,-472.52914515,-472.53015068,-472.53015071,-472.53016923,-472.53017069,,,,,,,,,,,,,,,,,,,,,,,,,,,,,,,,,,,,,,,,,,,,,,,,,,,,,,,,,,,,,,,,,,,,,,,,,,,,,,,,,,,,,,,,,,,,,,,,,,,,,,,,,,,,,,,,,,,,,,,,,,,,,,,,,,,,,,,,,,,,,,,,,,,,,,,,,,,,,,,,,,,,,,,,,,,,,,,,,,,,,,,,,,,,,,,,,,,,,,,,,,,,,,,,,,,,,,,,,,,,,,,,,,,,,,,,,,,,,,,,,,,,,,,,,,,,,,,,,,,,,,,,,,,,,,,,,,,,,,,,,,,,,,,,,,,,,,,,,,,,,,,,,,,,,,,,,,,,,,,,,,,,,,,,,,,,,,,,,,,,,,,,,,,,,,,,,,,,,,,,,,,,,,,,,,,,,,,,,,,,,,,,,,,,,,,,,,,,,,,,,,,,,,,,,,,,,,,,,,,,,,,,,,,,,,,,,,,,,,,,,,,,,,,,,,,,,,,,,,,,,,,,,,,,,,,,,,,,,,,,,,,,,,,,,,,,,,,,,,,,,,,,,,,,,,,,,,,,,,,,,,,,
structure4,switch0.5,random,-253.88567143,-275.96437803,-278.25586204,-278.26112510,-311.31476031,-313.89304184,-313.96528295,-342.32922179,-348.64034353,-347.11950994,-348.61199333,-348.67815793,-364.53473298,-366.27877170,-366.36882043,-383.45823040,-383.45951421,-394.00163825,-409.00340274,-409.59728572,-409.60933571,-414.57555438,-414.70248329,-424.31186834,-424.35968547,-430.46865990,-435.24120660,-435.26827231,-440.24219168,-440.28607881,-445.42788397,-445.46665330,-448.47817101,-452.49960298,-452.51821848,-454.80262613,-454.86416989,-456.61746931,-457.42724139,-457.43535044,-458.09469567,-458.09684200,-458.31178500,-458.57707862,-458.57755392,-459.48812868,-459.59387656,-461.09718133,-462.34646952,-462.99386443,-463.54072469,-463.54072980,-464.02183421,-464.02224836,-464.36969467,-464.70941346,-464.70953476,-464.87187903,-464.87203593,-465.11754323,-465.35130060,-465.52975381,-465.56336926,-465.90887895,-466.13971966,-466.13970806,-466.52953555,-466.53070003,-466.94852325,-466.94930281,-467.24682317,-467.45774188,-467.45831351,-467.61004479,-467.61026522,-467.84886963,-467.84912098,-468.03363174,-468.03445228,-468.33086646,-468.33096710,-468.61007880,-468.59943465,-468.71595903,-468.78978584,-468.79000640,-468.84143911,-468.87768827,-468.92111499,-468.92117585,-468.97475810,-468.97471182,-469.01679337,-469.03829418,-469.05325165,-469.06948977,-469.06953014,-469.07818459,-469.08737218,-469.08747123,-469.09954125,-469.09953444,-469.11831322,-469.11842302,-469.14070782,-469.14084044,-469.16354935,-469.16354163,-469.19858894,-469.20539196,-469.28168603,-469.30576022,-469.30524914,-469.36720128,-469.67258729,-469.89043558,-470.06785041,-470.06830727,-470.19993843,-470.19994040,-470.36297672,-470.36313549,-470.47910838,-470.56343989,-470.60178249,-470.63460059,-470.63460180,-470.67216163,-470.67227501,-470.71814358,-470.79856638,-470.83292512,-470.84857838,-470.91193753,-470.91190784,-470.99468736,-470.99632670,-471.00572059,-471.00953385,-471.00952945,-471.01416712,-471.01504892,-471.01763331,-471.01764522,-471.01860084,-471.01866483,-471.01867870,-471.01846994,-471.01874585,-471.01875001,-471.01849366,-471.01879729,-471.01880453,-471.01849971,-471.01882554,-471.01882884,-471.01882280,-471.01882675,-471.01882846,-471.01882922,-471.01868134,-471.01865945,-471.01882944,-471.01868087,-471.01865905,-471.01882959,-471.01868063,-471.01865894,-471.01882970,-471.01868050,-471.01865890,-471.01882979,-471.01868040,-471.01865889,-471.01882988,-471.01868032,-471.01865889,-471.01882996,-471.01868026,-471.01865890,-471.01883004,-471.01868020,-471.01865891,-471.01883011,-471.01868014,-471.01865893,-471.01883018,-471.01882437,-471.01882813,-471.01882976,-471.01883049,-471.01868156,-471.01866066,-471.01883068,-471.01868128,-471.01866032,-471.01883082,-471.01868111,-471.01866020,-471.01883093,-471.01868100,-471.01866015,-471.01883103,-471.01868091,-471.01866013,-471.01883111,-471.01868084,-471.01866012,-471.01883119,-471.01868077,-471.01866012,-471.01883127,-471.01868072,-471.01866013,-471.01883134,-471.01868066,-471.01866014,-471.01883141,-471.01882581,-471.01882939,-471.01883096,-471.01883166,-471.01868169,-471.01866174,-471.01883183,-471.01868156,-471.01866146,-471.01883196,-471.01868144,-471.01866134,-471.01883206,-471.01868136,-471.01866129,-471.01883216,-471.01868128,-471.01866126,-471.01883224,-471.01868122,-471.01866124,-471.01865733,-471.01868120,-471.01866124,-471.01865735,-471.01883231,-471.01883231,-471.01882687,-471.01883033,-471.01883184,-471.01865752,-471.01883208,-471.01883220,-471.01882687,-471.01883033,-471.01883184,-471.01865752,-471.01883208,-471.01883220,,,,,,,,,,,,,,,,,,,,,,,,,,,,,,,,,,,,,,,,,,,,,,,,,,,,,,,,,,,,,,,,,,,,,,,,,,,,,,,,,,,,,,,,,,,,,,,,,,,,,,,,,,,,,,,,,,,,,,,,,,,,,,,,,,,,,,,,,,,,,,,,,,,,,,,,,,,,,,,,,,,,,,,,,,,,,,,,,,,,,,,,,,,,,,,,,,,,,,,,,,,,,,,,,,,,,,,,,,,,,,,,,,,,,,,,,,,,,,,,,,,,,,,,,,,,,,,,,,,,,,,,,,,,,,,,,,,,,,,,,,,,,,,,,,,,,,,,,,,,,,,,,,,,,,,,,,,,,,,,,,,,,,,,,,,,,,,,,,,,,,,,,,,,,,,,,,,,,,,,,,,,,,,,
structure65,switch0.5,random,-333.87884266,-338.62254581,-340.02226173,-340.24616919,-392.10925495,-392.10509549,-410.58642815,-410.63765347,-425.83394009,-425.88334411,-435.09315950,-440.86459816,-440.98112804,-444.25052444,-444.28965683,-449.52253114,-449.52861819,-453.48155416,-453.48864741,-455.39109611,-455.39197349,-456.81150645,-458.99052078,-459.01889747,-461.07241379,-461.17045248,-462.83483164,-463.96980281,-463.97342838,-464.83914489,-464.83922223,-465.56141001,-465.56144269,-465.95513064,-465.95513045,-466.56606169,-466.56621455,-466.93922249,-467.20912920,-467.20923515,-467.60054429,-467.60155278,-467.95111958,-468.24508104,-468.64521506,-468.64588642,-468.79965008,-469.42199109,-469.66168989,-469.68449242,-469.80661630,-469.80667571,-469.92331342,-469.97286690,-469.97301365,-470.00484215,-470.00485044,-470.02545802,-470.04062733,-470.04068451,-470.05380661,-470.05460237,-470.07455421,-470.07479446,-470.09864366,-470.12717136,-470.12717778,-470.17245898,-470.17277207,-470.22675152,-470.25169450,-470.26269420,-470.35017457,-470.33917373,-470.38158482,-470.40289543,-470.41073086,-470.41253995,-470.40492154,-470.42374855,-470.42377029,-470.44086240,-470.44101867,-470.44663795,-470.44677740,-470.45180665,-470.45195575,-470.45535803,-470.45638566,-470.45639573,-470.45702883,-470.45735193,-470.45730446,-470.45736992,-470.45736992,-470.45737062,-470.45737076,,,,,,,,,,,,,,,,,,,,,,,,,,,,,,,,,,,,,,,,,,,,,,,,,,,,,,,,,,,,,,,,,,,,,,,,,,,,,,,,,,,,,,,,,,,,,,,,,,,,,,,,,,,,,,,,,,,,,,,,,,,,,,,,,,,,,,,,,,,,,,,,,,,,,,,,,,,,,,,,,,,,,,,,,,,,,,,,,,,,,,,,,,,,,,,,,,,,,,,,,,,,,,,,,,,,,,,,,,,,,,,,,,,,,,,,,,,,,,,,,,,,,,,,,,,,,,,,,,,,,,,,,,,,,,,,,,,,,,,,,,,,,,,,,,,,,,,,,,,,,,,,,,,,,,,,,,,,,,,,,,,,,,,,,,,,,,,,,,,,,,,,,,,,,,,,,,,,,,,,,,,,,,,,,,,,,,,,,,,,,,,,,,,,,,,,,,,,,,,,,,,,,,,,,,,,,,,,,,,,,,,,,,,,,,,,,,,,,,,,,,,,,,,,,,,,,,,,,,,,,,,,,,,,,,,,,,,,,,,,,,,,,,,,,,,,,,,,,,,,,,,,,,,,,,,,,,,,,,,,,,,,,,,,
structure1,switch0.5,rattled,-475.56714681,-475.56730164,-475.56731778,-475.56731824,,,,,,,,,,,,,,,,,,,,,,,,,,,,,,,,,,,,,,,,,,,,,,,,,,,,,,,,,,,,,,,,,,,,,,,,,,,,,,,,,,,,,,,,,,,,,,,,,,,,,,,,,,,,,,,,,,,,,,,,,,,,,,,,,,,,,,,,,,,,,,,,,,,,,,,,,,,,,,,,,,,,,,,,,,,,,,,,,,,,,,,,,,,,,,,,,,,,,,,,,,,,,,,,,,,,,,,,,,,,,,,,,,,,,,,,,,,,,,,,,,,,,,,,,,,,,,,,,,,,,,,,,,,,,,,,,,,,,,,,,,,,,,,,,,,,,,,,,,,,,,,,,,,,,,,,,,,,,,,,,,,,,,,,,,,,,,,,,,,,,,,,,,,,,,,,,,,,,,,,,,,,,,,,,,,,,,,,,,,,,,,,,,,,,,,,,,,,,,,,,,,,,,,,,,,,,,,,,,,,,,,,,,,,,,,,,,,,,,,,,,,,,,,,,,,,,,,,,,,,,,,,,,,,,,,,,,,,,,,,,,,,,,,,,,,,,,,,,,,,,,,,,,,,,,,,,,,,,,,,,,,,,,,,,,,,,,,,,,,,,,,,,,,,,,,,,,,,,,,,,,,,,,,,,,,,,,,,,,,,,,,,,,,,,,,,,,,,,,,,,,,,,,,,,,,,,,,,,,,,,
structure2,switch0.5,rattled,-475.56714645,-475.56730155,-475.56731780,-475.56731824,,,,,,,,,,,,,,,,,,,,,,,,,,,,,,,,,,,,,,,,,,,,,,,,,,,,,,,,,,,,,,,,,,,,,,,,,,,,,,,,,,,,,,,,,,,,,,,,,,,,,,,,,,,,,,,,,,,,,,,,,,,,,,,,,,,,,,,,,,,,,,,,,,,,,,,,,,,,,,,,,,,,,,,,,,,,,,,,,,,,,,,,,,,,,,,,,,,,,,,,,,,,,,,,,,,,,,,,,,,,,,,,,,,,,,,,,,,,,,,,,,,,,,,,,,,,,,,,,,,,,,,,,,,,,,,,,,,,,,,,,,,,,,,,,,,,,,,,,,,,,,,,,,,,,,,,,,,,,,,,,,,,,,,,,,,,,,,,,,,,,,,,,,,,,,,,,,,,,,,,,,,,,,,,,,,,,,,,,,,,,,,,,,,,,,,,,,,,,,,,,,,,,,,,,,,,,,,,,,,,,,,,,,,,,,,,,,,,,,,,,,,,,,,,,,,,,,,,,,,,,,,,,,,,,,,,,,,,,,,,,,,,,,,,,,,,,,,,,,,,,,,,,,,,,,,,,,,,,,,,,,,,,,,,,,,,,,,,,,,,,,,,,,,,,,,,,,,,,,,,,,,,,,,,,,,,,,,,,,,,,,,,,,,,,,,,,,,,,,,,,,,,,,,,,,,,,,,,,,,,,
